Platform,Year,Genre,Publisher,NA_Sales,EU_Sales,JP_Sales,Other_Sales,Global_Sales,Title
PC,2009.0,Simulation,Electronic Arts,0.98,6.42,0.0,0.71,8.11,The Sims(tm) 3
PC,2004.0,Role-Playing,Activision,0.07,6.21,0.0,0.0,6.28,World of Golf
PC,2012.0,Role-Playing,Activision,2.43,2.15,0.0,0.62,5.2,Mafia III
PC,1996.0,Simulation,Microsoft Game Studios,3.22,1.69,0.0,0.2,5.12,Island Flight Simulator
PC,2010.0,Strategy,Activision,2.56,1.68,0.0,0.59,4.83,Kohan II: Kings of War
PC,1995.0,Strategy,Activision,1.7,2.27,0.0,0.23,4.21,Castle In The Darkness
PC,1997.0,Shooter,Vivendi Games,4.03,0.0,0.09,0.0,4.12,Half-Life
PC,2007.0,Role-Playing,Activision,2.57,1.52,0.0,0.0,4.09,World of Subways 2 - Berlin Line 7
PC,2011.0,Role-Playing,Bethesda Softworks,1.15,2.09,0.0,0.64,3.88,The Elder Scrolls V: Skyrim
PC,2002.0,Simulation,Electronic Arts,2.03,1.56,0.0,0.17,3.76,Shift 2 Unleashed
PC,1994.0,Shooter,Virgin Interactive,2.05,1.4,0.0,0.16,3.61,Anomaly: Warzone Earth
PC,2002.0,Simulation,Electronic Arts,1.72,1.21,0.0,0.14,3.07,The Final Station
PC,2000.0,Misc,Electronic Arts,1.67,1.18,0.0,0.13,2.99,The Mims Beginning
PC,2014.0,Simulation,Electronic Arts,0.96,1.72,0.0,0.29,2.97,The Sunset
PC,2011.0,Role-Playing,Electronic Arts,1.58,1.01,0.0,0.38,2.97,Melancholy Republic
PC,1996.0,Strategy,Virgin Interactive,1.37,1.34,0.0,0.14,2.85,Command & Conquer: Red Alert 3
PC,1994.0,Adventure,Red Orb,0.02,2.79,0.0,0.0,2.81,Myst V
PC,2011.0,Shooter,Electronic Arts,0.89,1.43,0.0,0.48,2.79,Battle Fleet 2
PC,1997.0,Adventure,Red Orb,1.52,0.82,0.0,0.1,2.43,Riven: The Sequel to MYST
PC,1997.0,Strategy,Electronic Arts,2.3,0.1,0.0,0.0,2.4,The Lost
PC,1994.0,Misc,Hasbro Interactive,1.49,0.81,0.0,0.1,2.39,Monopoly
PC,2004.0,Shooter,Vivendi Games,2.28,0.02,0.08,0.0,2.37,Half-Life 2
PC,2012.0,Action,NCSoft,0.95,1.06,0.0,0.29,2.3,Arena Wars 2
PC,1997.0,Action,Eidos Interactive,0.91,1.25,0.0,0.13,2.29,Tomb Raider II
PC,2001.0,Simulation,Electronic Arts,1.23,0.83,0.0,0.1,2.16,The Ship: Murder Party
PC,1992.0,Simulation,Maxis,1.2,0.84,0.0,0.1,2.14,CivCity: Rome
PC,2010.0,Role-Playing,Activision,1.77,0.32,0.0,0.0,2.08,Kingdom Wars 2: Battles
PC,1998.0,Strategy,Electronic Arts,2.04,0.04,0.0,0.0,2.08,The Park
PC,1994.0,Strategy,Activision,0.89,1.08,0.0,0.11,2.08,Scary Humans
PC,1994.0,Shooter,LucasArts,1.09,0.77,0.0,0.09,1.95,STAR WARS(tm) - Dark Forces
PC,1999.0,Misc,Disney Interactive Studios,1.94,0.0,0.0,0.0,1.94,I Want To Be Human
PC,2003.0,Simulation,Electronic Arts,1.03,0.8,0.0,0.09,1.92,The Mims Beginning
PC,2012.0,Role-Playing,Activision,0.84,0.76,0.0,0.23,1.83,World War 2: Time of Wrath
PC,2001.0,Simulation,Electronic Arts,1.81,0.0,0.0,0.0,1.82,The Great Art Race
PC,2011.0,Shooter,Activision,0.41,0.98,0.0,0.33,1.72,Call of Duty(r): Modern Warfare(r) 3
PC,2010.0,Simulation,Electronic Arts,0.59,0.87,0.0,0.25,1.71,RACE: Caterham Expansion
PC,2010.0,Strategy,Take-Two Interactive,0.98,0.52,0.0,0.19,1.69,Sid Meiers Civilization(r) V
PC,2003.0,Simulation,Electronic Arts,1.67,0.0,0.0,0.0,1.68,The First Spark
PC,2013.0,Strategy,Activision,0.82,0.65,0.0,0.19,1.67,Atlantis: Pearls of the Deep
PC,,Shooter,Activision,0.58,0.81,0.0,0.24,1.63,Call of Duty(r): Black Ops
PC,1996.0,Role-Playing,Activision,0.01,1.58,0.0,0.0,1.59,Ziro
PC,1999.0,Strategy,Westwood Studios,1.55,0.0,0.0,0.0,1.55,Command & Conquer 3: Tiberium Wars
PC,2003.0,Strategy,Activision,0.58,0.87,0.0,0.09,1.54,Secret Of The Royal Throne
PC,2012.0,Shooter,Activision,0.63,0.69,0.0,0.21,1.53,Call of Duty(r): Black Ops II
PC,2011.0,Sports,Sega,0.02,1.16,0.0,0.34,1.51,Football Manager 2016
PC,2010.0,Role-Playing,Square Enix,0.86,0.48,0.0,0.17,1.5,FINAL FANTASY(r) XIV: A Realm Reborn(tm)
PC,2011.0,Strategy,Ubisoft,0.0,1.13,0.0,0.32,1.45,Anno 2070(tm)
PC,2013.0,Simulation,Electronic Arts,0.48,0.77,0.0,0.19,1.44,Ships 2017
PC,2013.0,Shooter,Electronic Arts,0.38,0.86,0.0,0.16,1.4,Battle Fleet 2
PC,2000.0,Strategy,Electronic Arts,1.32,0.02,0.0,0.0,1.34,Command & Conquer: Red Alert 3
PC,2008.0,Role-Playing,Activision,0.01,0.13,0.0,1.18,1.32,Warlock - Master of the Arcane
PC,2005.0,Simulation,Electronic Arts,1.22,0.05,0.0,0.0,1.27,The Sun at Night
PC,2010.0,Sports,Sega,0.0,1.01,0.0,0.25,1.26,Football Manager 2016
PC,2003.0,Sports,Eidos Interactive,0.0,1.15,0.0,0.11,1.26,Champions of Anteria(tm)
PC,2002.0,Strategy,Atari,1.19,0.05,0.0,0.0,1.25,Railroad Tycoon 3
PC,2014.0,Simulation,Focus Home Interactive,0.08,1.02,0.0,0.13,1.23,Farming Simulator 2011
PC,2015.0,Role-Playing,Bethesda Softworks,0.5,0.63,0.0,0.1,1.23,Fallout 4
PC,2008.0,Strategy,Electronic Arts,0.03,1.06,0.0,0.09,1.17,Storm
PC,2012.0,Sports,Sega,0.0,0.95,0.0,0.22,1.17,Football Manager 2016
PC,2010.0,Role-Playing,Bethesda Softworks,0.58,0.45,0.0,0.14,1.16,Fallout: New Vegas
PC,2008.0,Simulation,Sega,0.0,1.14,0.0,0.01,1.15,Soccer Manager 2015
PC,2007.0,Shooter,Activision,0.0,1.12,0.0,0.03,1.15,Call of Duty(r) 4: Modern Warfare(r)
PC,2007.0,Sports,Russel,0.0,1.12,0.0,0.0,1.12,Soccer Manager 2015
PC,2009.0,Strategy,Sega,0.01,0.97,0.0,0.11,1.09,Empire: Total War(tm)
PC,2015.0,Action,Take-Two Interactive,0.36,0.64,0.0,0.08,1.08,Grand Theft Auto V
PC,1999.0,Sports,Eidos Interactive,0.0,0.98,0.0,0.09,1.07,Champions of Anteria(tm)
PC,2001.0,Role-Playing,Vivendi Games,1.03,0.02,0.0,0.0,1.06,Trillion: God of Destruction
PC,1996.0,Action,Eidos Interactive,0.96,0.07,0.0,0.0,1.03,Tomb Raider
PC,2003.0,Sports,Eidos Interactive,0.0,0.93,0.0,0.08,1.01,Champions Of Chaos 2
PC,2012.0,Simulation,Focus Home Interactive,0.0,0.8,0.0,0.18,0.99,Farming Simulator 2011
PC,2008.0,Role-Playing,Bethesda Softworks,0.02,0.88,0.0,0.08,0.99,Fallout 3
PC,2012.0,Shooter,Ubisoft,0.21,0.62,0.0,0.14,0.98,Far Cry 3
PC,2005.0,Action,Take-Two Interactive,0.0,0.92,0.0,0.05,0.98,Grand Theft Auto: San Andreas
PC,2012.0,Role-Playing,Electronic Arts,0.4,0.44,0.0,0.13,0.97,Mass Effect 2
PC,2011.0,Action,Namco Bandai Games,0.25,0.56,0.0,0.15,0.96,The Settlers(r): Heritage of Kings
PC,2012.0,Action,Ubisoft,0.28,0.53,0.0,0.13,0.94,Assassins Creed(r) III
PC,2012.0,Shooter,Take-Two Interactive,0.42,0.41,0.0,0.11,0.93,Borderlands 2
PC,2008.0,Adventure,Ubisoft,0.01,0.83,0.0,0.08,0.92,Assassins Creed(r) III
PC,2014.0,Role-Playing,Bethesda Softworks,0.32,0.48,0.0,0.09,0.9,The Elder Scrolls V: Skyrim
PC,2009.0,Shooter,Activision,0.01,0.79,0.0,0.09,0.89,Call of Duty(r): Modern Warfare(r) 2
PC,2008.0,Action,Take-Two Interactive,0.01,0.79,0.0,0.08,0.88,Grand Theft Auto IV
PC,1992.0,Adventure,Virgin Interactive,0.01,0.77,0.0,0.0,0.78,The 7th Guest
PC,2011.0,Shooter,Valve Software,0.33,0.32,0.0,0.11,0.76,Portal 2
PC,2011.0,Action,Ubisoft,0.14,0.48,0.0,0.14,0.76,Assassins Creed(r) Revelations
PC,2013.0,Strategy,Sega,0.12,0.53,0.0,0.11,0.76,Total War: ATTILA
PC,2011.0,Action,Electronic Arts,0.16,0.45,0.0,0.13,0.74,Crysis
PC,2013.0,Shooter,Activision,0.23,0.41,0.0,0.09,0.73,Call of Duty(r): Ghosts
PC,2014.0,Role-Playing,Electronic Arts,0.32,0.34,0.0,0.07,0.73,Dragon Age: Origins
PC,2012.0,Strategy,Take-Two Interactive,0.26,0.36,0.0,0.1,0.72,XCOM: Enemy Unknown
PC,2007.0,Shooter,Electronic Arts,0.0,0.69,0.0,0.03,0.72,Crysis
PC,2010.0,Shooter,Electronic Arts,0.19,0.53,0.0,0.0,0.71,Battlefield: Bad Company(tm) 2
PC,2013.0,Sports,Sega,0.0,0.6,0.0,0.1,0.71,Football Manager 2016
PC,2013.0,Action,Ubisoft,0.22,0.38,0.0,0.1,0.69,Assassins Creed(r) IV Black Flag(tm)
PC,2011.0,Simulation,Electronic Arts,0.27,0.32,0.0,0.1,0.69,Grand Ages: Medieval
PC,2008.0,Role-Playing,Electronic Arts,0.0,0.59,0.0,0.09,0.68,Mass Effect
PC,2015.0,Role-Playing,Namco Bandai Games,0.2,0.42,0.0,0.05,0.67,The Witcher(r) 3: Wild Hunt
PC,2011.0,Role-Playing,Unknown,0.44,0.16,0.0,0.07,0.67,RIFT
PC,2013.0,Shooter,Take-Two Interactive,0.28,0.3,0.0,0.08,0.67,BioShock Infinite
PC,2008.0,Strategy,Electronic Arts,0.01,0.64,0.0,0.02,0.67,Command & Conquer: Red Alert 3
PC,2010.0,Simulation,Electronic Arts,0.01,0.53,0.0,0.12,0.67,The Odyssey: Winds of Athena
PC,2013.0,Misc,Ubisoft,0.35,0.24,0.0,0.07,0.66,Rocksmith 2014
PC,2010.0,Strategy,Sega,0.02,0.52,0.0,0.12,0.66,Napoleon: Total War(tm)
PC,2013.0,Shooter,Electronic Arts,0.17,0.39,0.0,0.09,0.64,Crysis
PC,2011.0,Action,Electronic Arts,0.23,0.33,0.0,0.09,0.64,Dragon Nest
PC,2011.0,Simulation,Electronic Arts,0.4,0.23,0.0,0.0,0.63,The Last Federation
PC,2014.0,Shooter,Ubisoft,0.15,0.42,0.0,0.05,0.62,Far Cry 3
PC,1998.0,Action,Eidos Interactive,0.59,0.03,0.0,0.0,0.62,Tomb Raider VI: The Angel of Darkness
PC,2008.0,Action,Electronic Arts,0.0,0.53,0.0,0.06,0.59,Dead Space
PC,2011.0,Action,Ubisoft,0.15,0.34,0.0,0.1,0.59,Assassins Creed(r) Brotherhood
PC,2011.0,Strategy,Sega,0.19,0.31,0.0,0.09,0.59,Total War: SHOGUN 2
PC,2011.0,Shooter,Square Enix,0.25,0.25,0.0,0.09,0.59,AquaNox 2: Revelation
PC,2009.0,Simulation,Electronic Arts,0.02,0.18,0.0,0.39,0.58,RuneScape: Idle Adventures
PC,2014.0,Shooter,Electronic Arts,0.21,0.3,0.0,0.07,0.58,Firefall
PC,2010.0,Action,Ubisoft,0.01,0.45,0.0,0.11,0.57,Assassins Creed(r) III
PC,2014.0,Action,Ubisoft,0.17,0.33,0.0,0.05,0.55,Assassins Creed(r) Unity
PC,2015.0,Shooter,Electronic Arts,0.13,0.37,0.0,0.04,0.54,War Inc. Battlezone
PC,2011.0,Action,Warner Bros. Interactive Entertainment,0.16,0.28,0.0,0.09,0.53,Batman(tm): Arkham Knight
PC,2006.0,Simulation,Electronic Arts,0.46,0.05,0.0,0.0,0.52,The Whisperer in Darkness
PC,2009.0,Role-Playing,Electronic Arts,0.0,0.46,0.0,0.06,0.51,Dragon Age: Origins
PC,2015.0,Strategy,Activision,0.18,0.29,0.0,0.04,0.51,Aurion: Legacy of the Kori-Odan
PC,2008.0,Simulation,Rondomedia,0.0,0.42,0.0,0.09,0.51,Euro Truck Simulator
PC,2012.0,Action,Bethesda Softworks,0.26,0.19,0.0,0.06,0.51,Dishonored
PC,2010.0,Shooter,Electronic Arts,0.2,0.23,0.0,0.07,0.49,Medal of Honor(tm)
PC,2008.0,Shooter,City Interactive,0.0,0.45,0.0,0.03,0.49,Sniper Art of Victory
PC,2008.0,Action,Ubisoft,0.01,0.45,0.0,0.03,0.49,Far Cry 3
PC,2014.0,Action,Activision Blizzard,0.08,0.36,0.0,0.04,0.48,World War 2: Time of Wrath
PC,2014.0,Simulation,Sega,0.0,0.43,0.0,0.05,0.48,Football Manager 2016
PC,2009.0,Strategy,THQ,0.0,0.45,0.0,0.02,0.47,Warhammer(r) 40000(tm): Dawn of War(r) II
PC,2010.0,Simulation,Electronic Arts,0.0,0.29,0.0,0.18,0.47,The Sum of All Fears
PC,2011.0,Sports,Electronic Arts,0.04,0.33,0.0,0.1,0.47,Dusk 12
PC,2011.0,Simulation,Electronic Arts,0.0,0.38,0.0,0.09,0.47,The Coma: Cutting Class
PC,2014.0,Shooter,Bethesda Softworks,0.12,0.29,0.0,0.05,0.46,Wolfenstein: The New Order
PC,2014.0,Action,Ubisoft,0.14,0.26,0.0,0.05,0.45,Watch This!
PC,2013.0,Sports,Electronic Arts,0.01,0.36,0.0,0.06,0.43,F1 2014
PC,2016.0,Shooter,Activision,0.22,0.18,0.0,0.04,0.43,Hammerwatch
PC,2012.0,Shooter,Take-Two Interactive,0.15,0.22,0.0,0.06,0.43,Max Payne 3
PC,2006.0,Simulation,Microsoft Game Studios,0.02,0.34,0.0,0.07,0.43,Island Flight Simulator
PC,,Role-Playing,Unknown,0.24,0.12,0.0,0.05,0.41,TERA
PC,1998.0,Action,Eidos Interactive,0.41,0.0,0.0,0.0,0.41,Tomb Raider IV: The Last Revelation
PC,2007.0,Shooter,Take-Two Interactive,0.01,0.39,0.0,0.02,0.41,BioShock(tm)
PC,2014.0,Shooter,Activision,0.14,0.23,0.0,0.04,0.41,Call of Duty(r): Infinite Warfare
PC,2011.0,Shooter,Take-Two Interactive,0.18,0.17,0.0,0.06,0.41,Duke Nukem Forever
PC,2012.0,Action,Electronic Arts,0.02,0.31,0.0,0.07,0.41,LocoSoccer
PC,2010.0,Action,Take-Two Interactive,0.17,0.17,0.0,0.06,0.4,Mafia II
PC,2010.0,Role-Playing,Electronic Arts,0.01,0.32,0.0,0.07,0.4,Mass Effect 2
PC,2005.0,Strategy,Microsoft Game Studios,0.0,0.32,0.0,0.07,0.39,Age of Empires II HD
PC,2009.0,Simulation,Ubisoft,0.0,0.32,0.0,0.07,0.39,Dawn of Discovery(tm)
PC,2011.0,Action,THQ,0.16,0.16,0.0,0.06,0.38,Saints Row: The Third
PC,2010.0,Racing,Electronic Arts,0.12,0.2,0.0,0.06,0.38,Need For Speed: Hot Pursuit
PC,2016.0,Shooter,Ubisoft,0.2,0.14,0.0,0.03,0.37,Tom Clancys The Division(tm)
PC,2011.0,Shooter,Bethesda Softworks,0.14,0.18,0.0,0.06,0.37,Rake
PC,2008.0,Strategy,Sega,0.0,0.33,0.0,0.03,0.37,Medieval II: Total War(tm)
PC,2014.0,Strategy,Take-Two Interactive,0.11,0.22,0.0,0.03,0.37,Sid Meiers Civilization(r): Beyond Earth(tm)
PC,2011.0,Action,Electronic Arts,0.09,0.21,0.0,0.07,0.37,Need for Speed: Shift
PC,2009.0,Shooter,Valve Software,0.0,0.32,0.0,0.04,0.37,Left 4 Dead 2
PC,2014.0,Action,Warner Bros. Interactive Entertainment,0.12,0.2,0.0,0.04,0.36,Middle-earth(tm): Shadow of Mordor(tm)
PC,,Action,Square Enix,0.06,0.25,0.0,0.05,0.36,Tomb Raider I
PC,2013.0,Strategy,THQ,0.06,0.25,0.0,0.05,0.36,Company of Heroes 2
PC,2011.0,Simulation,Electronic Arts,0.11,0.17,0.0,0.05,0.34,The Showdown Effect
PC,2012.0,Action,Electronic Arts,0.14,0.15,0.0,0.04,0.33,Medal of Honor: Airborne
PC,2011.0,Shooter,Electronic Arts,0.13,0.15,0.0,0.05,0.33,Dead Space
PC,2008.0,Role-Playing,Atari,0.32,0.01,0.0,0.0,0.32,Ayumi: Enhanced Edition
PC,2013.0,Action,Warner Bros. Interactive Entertainment,0.13,0.16,0.0,0.04,0.32,Batman(tm): Arkham Origins
PC,2009.0,Action,Eidos Interactive,0.0,0.27,0.0,0.05,0.32,Batman(tm): Arkham Knight
PC,2010.0,Strategy,Ubisoft,0.0,0.26,0.0,0.06,0.32,The Settlers(r): Heritage of Kings
PC,2011.0,Role-Playing,Microsoft Game Studios,0.09,0.17,0.0,0.05,0.32,Mafia III
PC,2011.0,Role-Playing,Ubisoft,0.12,0.14,0.0,0.05,0.31,Might & Magic: Heroes VI
PC,2015.0,Simulation,Sega,0.0,0.29,0.0,0.02,0.31,Football Manager 2016
PC,2012.0,Role-Playing,Electronic Arts,0.14,0.13,0.0,0.04,0.31,Kingdoms of Amalur: Reckoning(tm)
PC,2006.0,Simulation,Deep Silver,0.0,0.25,0.0,0.05,0.3,1000 Amps
PC,2004.0,Simulation,Electronic Arts,0.02,0.24,0.0,0.05,0.3,The Sunset
PC,2005.0,Racing,Electronic Arts,0.02,0.23,0.0,0.05,0.3,Need for Speed: Shift
PC,2014.0,Sports,Electronic Arts,0.0,0.27,0.0,0.03,0.3,F1 2015
PC,2003.0,Simulation,Electronic Arts,0.01,0.24,0.0,0.05,0.3,City Z
PC,2011.0,Shooter,Wargaming.net,0.0,0.23,0.0,0.06,0.29,World of Goo
PC,2014.0,Shooter,Take-Two Interactive,0.11,0.15,0.0,0.03,0.29,Borderlands: The Pre-Sequel
PC,2016.0,Role-Playing,Activision,0.14,0.12,0.0,0.02,0.29,World of Soccer online
PC,2004.0,Strategy,Atari,0.01,0.22,0.0,0.05,0.28,Railroad Tycoon 3
PC,2012.0,Action,Electronic Arts,0.09,0.16,0.0,0.03,0.28,Mass Effect 2
PC,2010.0,Strategy,Ubisoft,0.04,0.19,0.0,0.05,0.28,D.U.S.T.
PC,2014.0,Action,Bethesda Softworks,0.09,0.16,0.0,0.02,0.27,The Evil Within
PC,2011.0,Strategy,Kalypso Media,0.1,0.13,0.0,0.04,0.27,Tropico 5
PC,2013.0,Racing,Electronic Arts,0.04,0.19,0.0,0.04,0.27,Need for Speed: Shift
PC,2008.0,Strategy,Microsoft Game Studios,0.04,0.18,0.0,0.04,0.26,Triennale Game Collection
PC,2006.0,Role-Playing,Take-Two Interactive,0.01,0.2,0.0,0.05,0.26,The Elder Scrolls V: Skyrim
PC,2010.0,Simulation,Ubisoft,0.0,0.21,0.0,0.05,0.26,Silent Hunter 5(r): Battle of the Atlantic
PC,2011.0,Action,LucasArts,0.1,0.13,0.0,0.03,0.26,LEGO(r) Star Wars(tm) III - The Clone Wars(tm)
PC,2011.0,Adventure,Take-Two Interactive,0.08,0.13,0.0,0.04,0.25,DiRT 3 Complete Edition
PC,2012.0,Action,Square Enix,0.03,0.17,0.0,0.04,0.25,Hitman: Absolution(tm)
PC,2015.0,Strategy,Ubisoft,0.02,0.22,0.0,0.01,0.25,Anno 2205(tm)
PC,2011.0,Shooter,THQ,0.11,0.1,0.0,0.03,0.24,Homefront
PC,,Shooter,Take-Two Interactive,0.02,0.19,0.0,0.04,0.24,BioShock(r) 2
PC,2010.0,Shooter,THQ,0.0,0.19,0.0,0.05,0.24,Metro 2033
PC,2011.0,Puzzle,Focus Home Interactive,0.0,0.18,0.0,0.05,0.24,Angry Arrows
PC,2011.0,Role-Playing,Sony Online Entertainment,0.16,0.06,0.0,0.02,0.24,DC Universe(tm) Online
PC,2015.0,Strategy,Sega,0.09,0.13,0.0,0.02,0.23,Total War: ATTILA
PC,2015.0,Shooter,Activision,0.0,0.22,0.0,0.01,0.23,Call of Duty(r): Black Ops
PC,2012.0,Role-Playing,Deep Silver,0.0,0.19,0.0,0.04,0.23,Risen 2: Dark Waters
PC,2012.0,Shooter,Take-Two Interactive,0.11,0.09,0.0,0.03,0.23,Spec Ops: The Line
PC,2012.0,Action,Warner Bros. Interactive Entertainment,0.07,0.13,0.0,0.03,0.22,LEGO The Lord of the Rings
PC,2015.0,Shooter,Ubisoft,0.12,0.08,0.0,0.02,0.22,Tom Clancys Rainbow Six(r) Siege
PC,,Action,Warner Bros. Interactive Entertainment,0.05,0.14,0.0,0.03,0.22,LEGO Harry Potter: Years 5-7
PC,2011.0,Action,Deep Silver,0.12,0.07,0.0,0.03,0.22,Meadowland
PC,2003.0,Role-Playing,CCP,0.0,0.19,0.0,0.02,0.22,EVE Online
PC,2013.0,Shooter,Trion Worlds,0.14,0.04,0.0,0.02,0.21,Defiance
PC,2011.0,Role-Playing,Unknown,0.09,0.09,0.0,0.03,0.2,Two Worlds II
PC,2011.0,Shooter,THQ,0.09,0.09,0.0,0.03,0.2,Warhammer 40000: Space Marine
PC,2015.0,Action,Ubisoft,0.1,0.08,0.0,0.02,0.2,Assassins Creed(r) Syndicate
PC,2016.0,Strategy,Take-Two Interactive,0.09,0.1,0.0,0.02,0.2,DOOM 3
PC,2004.0,Shooter,LucasArts,0.06,0.12,0.0,0.02,0.2,War Inc. Battlezone
PC,2012.0,Strategy,Sega,0.07,0.1,0.0,0.03,0.2,Total War: Shogun 2 - Fall of the Samurai
PC,,Action,Electronic Arts,0.02,0.15,0.0,0.02,0.2,Dead Space
PC,2014.0,Role-Playing,Ubisoft,0.07,0.1,0.0,0.02,0.2,South Park(tm): The Stick of Truth(tm)
PC,,Racing,Atari,0.05,0.11,0.0,0.03,0.2,Test Drive Unlimited 2
PC,2009.0,Adventure,Merscom LLC,0.0,0.17,0.0,0.03,0.2,Motte Island
PC,2013.0,Action,Deep Silver,0.06,0.11,0.0,0.02,0.19,Metro: Last Light Redux
PC,2010.0,Shooter,Sega,0.0,0.17,0.0,0.02,0.19,Aliens vs. Predator(tm)
PC,2015.0,Simulation,Electronic Arts,0.05,0.13,0.0,0.01,0.19,The Life Of Greather
PC,2010.0,Strategy,Square Enix,0.0,0.15,0.0,0.04,0.19,Supreme Commander 2
PC,2013.0,Action,Ubisoft,0.04,0.13,0.0,0.03,0.19,Tom Clancys Splinter Cell Blacklist
PC,2011.0,Racing,Electronic Arts,0.05,0.11,0.0,0.03,0.19,Need for Speed: Shift
PC,2013.0,Action,Deep Silver,0.11,0.06,0.0,0.02,0.19,Saints Row IV
PC,2010.0,Action,Take-Two Interactive,0.18,0.0,0.0,0.01,0.19,NBA 2K13
PC,2010.0,Role-Playing,JoWood Productions,0.09,0.08,0.0,0.02,0.19,Elminage Gothic
PC,2011.0,Racing,Codemasters,0.0,0.15,0.0,0.04,0.19,F1 2011
PC,2008.0,Shooter,Activision,0.02,0.13,0.0,0.03,0.19,Call of Duty: World at War
PC,2011.0,Action,Warner Bros. Interactive Entertainment,0.04,0.11,0.0,0.03,0.18,Lord of the Rings: War in the North
PC,2015.0,Shooter,Take-Two Interactive,0.07,0.1,0.0,0.01,0.18,Edolie
PC,2009.0,Shooter,Take-Two Interactive,0.01,0.14,0.0,0.04,0.18,Borderlands
PC,2009.0,Strategy,THQ,0.0,0.15,0.0,0.04,0.18,Company of Heroes 2
PC,2011.0,Racing,Ubisoft,0.05,0.1,0.0,0.03,0.18,Driver San Francisco
PC,2015.0,Action,Warner Bros. Interactive Entertainment,0.11,0.06,0.0,0.02,0.18,Dawns Light
PC,2010.0,Sports,Electronic Arts,0.0,0.14,0.0,0.04,0.18,LocoSoccer
PC,2013.0,Action,Warner Bros. Interactive Entertainment,0.04,0.12,0.0,0.02,0.18,LEGO(r) Marvel(tm) Super Heroes
PC,2013.0,Shooter,Sega,0.1,0.06,0.0,0.02,0.18,Aliens: Colonial Marines Collection
PC,2014.0,Role-Playing,Namco Bandai Games,0.08,0.08,0.0,0.02,0.18,Dark Quest
PC,2012.0,Shooter,Ubisoft,0.05,0.1,0.0,0.03,0.18,Tom Clancys Ghost Recon: Future Soldier(tm)
PC,2011.0,Shooter,Bethesda Softworks,0.06,0.09,0.0,0.03,0.18,Trino
PC,2015.0,Sports,Electronic Arts,0.04,0.13,0.0,0.01,0.18,F1 2016
PC,2016.0,Shooter,Bethesda Softworks,0.06,0.1,0.0,0.01,0.18,Doom Rails
PC,2005.0,Shooter,LucasArts,0.02,0.13,0.0,0.03,0.18,Warlords Battlecry III
PC,2011.0,Adventure,LucasArts,0.0,0.14,0.0,0.04,0.17,Sonic Generations Collection
PC,2011.0,Role-Playing,Square Enix,0.08,0.08,0.0,0.02,0.17,Dungeon Siege III
PC,2012.0,Role-Playing,Funcom,0.07,0.08,0.0,0.02,0.17,The Secret World
PC,2009.0,Strategy,Microsoft Game Studios,0.01,0.12,0.0,0.03,0.17,Age of Empires(r) III: Complete Collection
PC,2005.0,Strategy,Take-Two Interactive,0.02,0.12,0.0,0.03,0.17,Sid Meiers Civilization(r) IV
PC,2014.0,Role-Playing,NCSoft,0.08,0.07,0.0,0.02,0.17,WildStar
PC,2012.0,Simulation,Electronic Arts,0.0,0.13,0.0,0.03,0.17,Time of Shadows
PC,2011.0,Strategy,,0.06,0.1,0.0,0.0,0.16,Stronghold HD
PC,2011.0,Sports,Take-Two Interactive,0.09,0.05,0.0,0.02,0.16,NBA 2K13
PC,2014.0,Racing,Ubisoft,0.0,0.15,0.0,0.01,0.16,The Few
PC,2011.0,Shooter,Electronic Arts,0.07,0.07,0.0,0.02,0.16,Bulletstorm(tm)
PC,2010.0,Shooter,City Interactive,0.0,0.13,0.0,0.03,0.16,Sniper: Ghost Warrior
PC,2011.0,Racing,Codemasters,0.0,0.13,0.0,0.03,0.16,DOOM 3
PC,2012.0,Action,Nordic Games,0.03,0.1,0.0,0.03,0.16,Darksiders(tm)
PC,2011.0,Shooter,Warner Bros. Interactive Entertainment,0.04,0.08,0.0,0.03,0.15,F.E.A.R. 3
PC,2012.0,Adventure,Daedalic,0.0,0.13,0.0,0.03,0.15,Deponia
PC,2010.0,Action,THQ,0.07,0.06,0.0,0.02,0.15,Darksiders(tm)
PC,2011.0,Simulation,Electronic Arts,0.05,0.08,0.0,0.02,0.15,Space Pirates and Zombies
PC,2011.0,Action,Unknown,0.0,0.13,0.0,0.02,0.15,Terraria
PC,2012.0,Racing,Codemasters,0.01,0.11,0.0,0.03,0.15,F1 2011
PC,2014.0,Shooter,Sega,0.0,0.13,0.0,0.01,0.15,Alien: Isolation
PC,2010.0,Role-Playing,Electronic Arts,0.0,0.12,0.0,0.02,0.14,Dragon Age: Origins - Ultimate Edition
PC,2009.0,Shooter,505 Games,0.0,0.12,0.0,0.03,0.14,Arma 2
PC,2000.0,Strategy,Ubisoft,0.02,0.1,0.0,0.02,0.14,The Last Door - Collectors Edition
PC,2007.0,Shooter,Electronic Arts,0.0,0.11,0.0,0.03,0.14,The Sandbox
PC,2003.0,Role-Playing,LucasArts,0.01,0.1,0.0,0.02,0.14,STAR WARS(tm) - Knights of the Old Republic(tm)
PC,2009.0,Role-Playing,Deep Silver,0.0,0.11,0.0,0.03,0.14,Risen
PC,2015.0,Action,Square Enix,0.03,0.11,0.0,0.01,0.14,Just Cause 2
PC,2012.0,Shooter,Take-Two Interactive,0.1,0.03,0.0,0.01,0.14,The Darkness II
PC,2015.0,Simulation,Paradox Interactive,0.0,0.13,0.0,0.01,0.14,Cities: Skylines
PC,2016.0,Action,Ubisoft,0.04,0.09,0.0,0.01,0.14,Far Cry(r) Primal
PC,2010.0,Action,Capcom,0.1,0.02,0.0,0.01,0.14,Dead Rising(r) 2
PC,2010.0,Role-Playing,Electronic Arts,0.01,0.1,0.0,0.02,0.14,Dragon Age(tm): Origins Awakening
PC,2015.0,Shooter,Electronic Arts,0.0,0.13,0.0,0.01,0.14,Battlevoid: Harbinger
PC,2011.0,Shooter,Tripwire Interactive,0.04,0.07,0.0,0.02,0.14,Red Orchestra 2: Heroes of Stalingrad with Rising Storm
PC,2012.0,Action,SCS Software,0.0,0.12,0.0,0.02,0.13,Euro Truck Simulator 2
PC,2000.0,Role-Playing,Havas Interactive,0.01,0.09,0.0,0.02,0.13,DOOM II
PC,,Fighting,Capcom,0.07,0.04,0.0,0.02,0.13,Street Fighter V
PC,2002.0,Strategy,Vivendi Games,0.03,0.08,0.0,0.02,0.13,Kohan II: Kings of War
PC,2010.0,Simulation,,0.0,0.13,0.0,0.0,0.13,Farming Simulator 2011
PC,2010.0,Action,Square Enix,0.0,0.1,0.0,0.03,0.13,Just Cause 2
PC,2015.0,Action,Warner Bros. Interactive Entertainment,0.08,0.03,0.0,0.01,0.13,Batman(tm): Arkham Knight
PC,2009.0,Strategy,Take-Two Interactive,0.03,0.08,0.0,0.02,0.13,The Basement Collection
PC,2012.0,Action,Square Enix,0.06,0.05,0.0,0.02,0.12,Sleeping Dogs
PC,2011.0,Adventure,Electronic Arts,0.0,0.1,0.0,0.02,0.12,Alice: Madness Returns
PC,,Misc,Unknown,0.06,0.04,0.0,0.01,0.12,Rocksmith(tm)
PC,2013.0,Shooter,Bohemia Interactive,0.0,0.1,0.0,0.02,0.12,Arma 2
PC,2014.0,Simulation,Kalypso Media,0.02,0.08,0.0,0.01,0.12,Tropico 5
PC,2010.0,Adventure,Deep Silver,0.0,0.1,0.0,0.02,0.12,Lost Horizon
PC,2011.0,Role-Playing,Electronic Arts,0.07,0.03,0.0,0.01,0.12,Darkstone
PC,2001.0,Strategy,Gathering of Developers,0.0,0.09,0.0,0.02,0.11,Stronghold HD
PC,2013.0,Action,Konami Digital Entertainment,0.0,0.09,0.0,0.02,0.11,Pro Evolution Soccer 2016
PC,2011.0,Strategy,DTP Entertainment,0.0,0.1,0.0,0.02,0.11,Stronghold Kingdoms
PC,2011.0,Racing,Rondomedia,0.08,0.02,0.0,0.01,0.11,18 Wheels of Steel: Extreme Trucker 2
PC,2015.0,Racing,Slightly Mad Studios,0.0,0.1,0.0,0.01,0.11,Project CARS
PC,2009.0,Adventure,Daedalic,0.0,0.09,0.0,0.02,0.11,Machinarium
PC,2014.0,Action,Square Enix,0.0,0.09,0.0,0.02,0.11,Thief Town
PC,2011.0,Shooter,Ubisoft,0.05,0.05,0.0,0.01,0.11,Call of Juarez(r): The Cartel
PC,2011.0,Platform,Sega,0.02,0.07,0.0,0.02,0.11,Hero Generations
PC,2010.0,Action,Ubisoft,0.0,0.08,0.0,0.02,0.11,Tom Clancys Splinter Cell Blacklist
PC,2009.0,Adventure,HMH Interactive,0.0,0.08,0.0,0.02,0.11,The Book of Unwritten Tales
PC,2009.0,Adventure,Deep Silver,0.0,0.08,0.0,0.02,0.1,The Secret World
PC,2004.0,Strategy,Activision,0.0,0.08,0.0,0.02,0.1,Race To Mars
PC,2004.0,Shooter,Activision,0.05,0.04,0.0,0.01,0.1,room13
PC,2016.0,Strategy,Sega,0.0,0.1,0.0,0.01,0.1,Total War: WARHAMMER
PC,2012.0,Action,Activision,0.07,0.02,0.0,0.01,0.1,Prototype 2
PC,2010.0,Action,Electronic Arts,0.08,0.02,0.0,0.01,0.1,Lara Croft and the Guardian of Light
PC,2011.0,Action,Electronic Arts,0.05,0.04,0.0,0.01,0.1,Lara Croft and the Guardian of Light
PC,1999.0,Strategy,Microsoft Game Studios,0.01,0.08,0.0,0.02,0.1,Age of Fear: The Undead King
PC,2010.0,Strategy,THQ,0.08,0.01,0.0,0.01,0.1,Warhammer(r) 40000: Dawn of War(r) II Chaos Rising
PC,2014.0,Racing,Codemasters,0.0,0.09,0.0,0.01,0.1,F1 2014
PC,2009.0,Racing,Electronic Arts,0.0,0.08,0.0,0.01,0.1,Burnout Paradise: The Ultimate Box
PC,2016.0,Adventure,Square Enix,0.0,0.09,0.0,0.01,0.1,Rise of the Tomb Raider(tm)
PC,2015.0,Role-Playing,inXile Entertainment,0.02,0.06,0.0,0.01,0.1,Wasteland Angel
PC,2011.0,Action,Activision,0.05,0.03,0.0,0.01,0.1,UnderWater Adventure
PC,2007.0,Shooter,Microsoft Game Studios,0.01,0.06,0.0,0.02,0.1,Silo 2
PC,2010.0,Action,Take-Two Interactive,0.0,0.08,0.0,0.02,0.09,Ghostbusters: The Videogame
PC,2011.0,Puzzle,Focus Home Interactive,0.0,0.07,0.0,0.02,0.09,Angry Birds Space
PC,2014.0,Role-Playing,Deep Silver,0.0,0.08,0.0,0.01,0.09,Risen 3 - Titan Lords
PC,2011.0,Strategy,Kalypso Media,0.07,0.02,0.0,0.01,0.09,Dungeons 2
PC,2006.0,Strategy,Sega,0.0,0.08,0.0,0.02,0.09,Medieval II: Total War(tm)
PC,2007.0,Strategy,LucasArts,0.01,0.06,0.0,0.01,0.09,STAR WARS(tm) Empire at War - Gold Pack
PC,2015.0,Sports,Take-Two Interactive,0.02,0.06,0.0,0.01,0.09,NBA 2K16
PC,2005.0,Strategy,Electronic Arts,0.01,0.07,0.0,0.01,0.09,Back To Life 2
PC,2011.0,Action,Konami Digital Entertainment,0.0,0.07,0.0,0.02,0.09,Pro Evolution Soccer 2016
PC,2008.0,Simulation,Electronic Arts,0.0,0.07,0.0,0.02,0.09,Invisible Apartment Zero
PC,2009.0,Shooter,Electronic Arts,0.0,0.07,0.0,0.02,0.09,Crysis 2 - Maximum Edition
PC,2005.0,Strategy,Atari,0.01,0.06,0.0,0.01,0.09,RollerCoaster Tycoon(r) 3: Platinum
PC,2002.0,Strategy,Microsoft Game Studios,0.02,0.06,0.0,0.01,0.09,The Lost Mythologies
PC,2006.0,Strategy,LucasArts,0.01,0.06,0.0,0.02,0.09,Music Wars Empire
PC,2011.0,Shooter,THQ,0.05,0.02,0.0,0.01,0.09,Red Faction(r): Armageddon(tm)
PC,2004.0,Shooter,Vivendi Games,0.0,0.07,0.0,0.02,0.09,Counter-Strike: Source
PC,2011.0,Adventure,DTP Entertainment,0.02,0.05,0.0,0.01,0.09,Gray Matter
PC,2015.0,Strategy,Ubisoft,0.0,0.08,0.0,0.0,0.09,Might & Magic: Heroes VI
PC,2012.0,Sports,Konami Digital Entertainment,0.0,0.07,0.0,0.01,0.09,Pro Evolution Soccer 2016
PC,2011.0,Adventure,Rondomedia,0.0,0.07,0.0,0.01,0.09,Edna & Harvey: Harveys New Eyes
PC,2005.0,Shooter,Electronic Arts,0.0,0.07,0.0,0.02,0.08,Battle Fleet 2
PC,2011.0,Simulation,bitComposer Games,0.0,0.07,0.0,0.02,0.08,Wildlife Park 3
PC,2013.0,Shooter,City Interactive,0.02,0.05,0.0,0.01,0.08,Sniper: Ghost Warrior 2
PC,2013.0,Simulation,Koch Media,0.0,0.08,0.0,0.01,0.08,X Rebirth
PC,2012.0,Role-Playing,Focus Home Interactive,0.0,0.07,0.0,0.01,0.08,Game of Thrones
PC,2010.0,Puzzle,PopCap Games,0.02,0.05,0.0,0.01,0.08,Bejeweled(r) 3
PC,2008.0,Simulation,Electronic Arts,0.0,0.07,0.0,0.02,0.08,Chess 2: The Sequel
PC,2011.0,Sports,Take-Two Interactive,0.06,0.01,0.0,0.01,0.08,R.B.I. Baseball 15
PC,2015.0,Action,Bethesda Softworks,0.0,0.08,0.0,0.0,0.08,Wolfenstein: The Old Blood
PC,2010.0,Simulation,Electronic Arts,0.01,0.05,0.0,0.02,0.08,The Tower: Last Stand
PC,2008.0,Action,Eidos Interactive,0.0,0.06,0.0,0.02,0.08,Tomb Raider: Underworld
PC,2011.0,Strategy,THQ,0.0,0.06,0.0,0.02,0.08,Warhammer 40000: Dawn of War II: Retribution
PC,2005.0,Simulation,Ubisoft,0.0,0.07,0.0,0.01,0.08,Silent Hunter(r) III
PC,2011.0,Shooter,Mastertronic,0.01,0.05,0.0,0.01,0.08,Serious Sam 3: BFE
PC,2011.0,Action,Kalypso Media,0.06,0.01,0.0,0.01,0.08,The First Spark
PC,2008.0,Racing,Electronic Arts,0.0,0.07,0.0,0.01,0.08,Need for Speed Undercover
PC,,Action,Deep Silver,0.0,0.07,0.0,0.01,0.08,Heaven Island Life
PC,2015.0,Adventure,Mojang,0.02,0.05,0.0,0.01,0.08,Uncraft World
PC,2012.0,Platform,Ubisoft,0.0,0.06,0.0,0.01,0.08,Rayman(r) Origins
PC,2004.0,Racing,Electronic Arts,0.0,0.06,0.0,0.01,0.08,Need for Speed Undercover
PC,2012.0,Racing,Electronic Arts,0.0,0.06,0.0,0.02,0.08,Need for Speed: Shift
PC,2004.0,Strategy,Electronic Arts,0.01,0.06,0.0,0.01,0.08,Lord of the Rings: War in the North
PC,2015.0,Action,Konami Digital Entertainment,0.0,0.07,0.0,0.0,0.08,Metal War Online: Retribution
PC,2009.0,Role-Playing,DTP Entertainment,0.01,0.05,0.0,0.01,0.08,Divinity II: Developers Cut
PC,2009.0,Role-Playing,JoWood Productions,0.0,0.06,0.0,0.02,0.07,Torchlight
PC,2011.0,Simulation,Electronic Arts,0.07,0.0,0.0,0.01,0.07,The Stanley Parable
PC,2003.0,Simulation,Electronic Arts,0.0,0.06,0.0,0.01,0.07,SimCity(tm) 4 Deluxe Edition
PC,2013.0,Adventure,Daedalic Entertainment,0.0,0.06,0.0,0.01,0.07,Goodbye Deponia
PC,2011.0,Simulation,Excalibur Publishing,0.0,0.06,0.0,0.01,0.07,Fire Farm VR
PC,2012.0,Role-Playing,Namco Bandai Games,0.0,0.06,0.0,0.01,0.07,Darkout
PC,2012.0,Adventure,Focus Home Interactive,0.0,0.06,0.0,0.01,0.07,The Testament of Sherlock Holmes
PC,2011.0,Shooter,Codemasters,0.01,0.04,0.0,0.01,0.07,Operation Flashpoint: Red River
PC,2009.0,Shooter,Warner Bros. Interactive Entertainment,0.01,0.05,0.0,0.01,0.07,F.E.A.R. 2: Project Origin
PC,2010.0,Shooter,Square Enix,0.0,0.06,0.0,0.01,0.07,Kane & Lynch 2: Dog Days
PC,2005.0,Role-Playing,Microsoft Game Studios,0.01,0.05,0.0,0.01,0.07,Fable - The Lost Chapters
PC,2009.0,Sports,Sega,0.0,0.06,0.0,0.01,0.07,Football Manager 2016
PC,2003.0,Simulation,Microsoft Game Studios,0.0,0.06,0.0,0.01,0.07,Microsoft Flight Simulator X: Steam Edition
PC,2010.0,Simulation,Deep Silver,0.01,0.04,0.0,0.01,0.07,Emergency 2016
PC,2009.0,Strategy,Paradox Interactive,0.01,0.04,0.0,0.01,0.07,Hearts of Iron III
PC,2007.0,Simulation,Electronic Arts,0.01,0.04,0.0,0.01,0.07,Time of Shadows
PC,2016.0,Shooter,Take-Two Interactive,0.03,0.03,0.0,0.01,0.07,Battleborn
PC,2015.0,Action,Ubisoft,0.04,0.02,0.0,0.01,0.07,Assassins Creed(r) Rogue
PC,2007.0,Strategy,Electronic Arts,0.0,0.06,0.0,0.01,0.07,Command & Conquer 3: Tiberium Wars
PC,2009.0,Action,Capcom,0.01,0.04,0.0,0.01,0.07,Rescue Team 5
PC,2013.0,Racing,Codemasters,0.0,0.06,0.0,0.01,0.07,GRID 2
PC,2012.0,Action,Nordic Games,0.0,0.06,0.0,0.01,0.07,Alan Wake
PC,2011.0,Strategy,Focus Home Interactive,0.01,0.05,0.0,0.01,0.07,Cities XXL
PC,2007.0,Strategy,Microsoft Game Studios,0.0,0.05,0.0,0.01,0.07,Age of Wonders II: The Wizards Throne
PC,2010.0,Action,Disney Interactive Studios,0.06,0.0,0.0,0.0,0.07,BiT Evolution
PC,2014.0,Sports,Konami Digital Entertainment,0.0,0.06,0.0,0.01,0.07,Pro Evolution Soccer 2016
PC,2014.0,Action,Warner Bros. Interactive Entertainment,0.02,0.04,0.0,0.01,0.06,The LEGO(r) Movie - Videogame
PC,2011.0,Action,Crimson Cow,0.0,0.05,0.0,0.01,0.06,The Book of Unwritten Tales: The Critter Chronicles
PC,2014.0,Action,Warner Bros. Interactive Entertainment,0.0,0.06,0.0,0.01,0.06,LEGO(r) Batman(tm)3: Beyond Gotham
PC,2005.0,Role-Playing,LucasArts,0.01,0.04,0.0,0.01,0.06,STAR WARS(tm) Knights of the Old Republic(tm) II - The Sith Lords(tm)
PC,2011.0,Strategy,Microsoft Game Studios,0.01,0.04,0.0,0.01,0.06,Age of Empires II HD
PC,2010.0,Racing,Activision,0.01,0.04,0.0,0.01,0.06,Alum
PC,2007.0,Shooter,Midway Games,0.0,0.05,0.0,0.01,0.06,Unreal Tournament 3 Black
PC,2011.0,Adventure,Focus Home Interactive,0.0,0.05,0.0,0.01,0.06,The Next BIG Thing
PC,2005.0,Shooter,Activision,0.0,0.05,0.0,0.01,0.06,Call of Duty(r)
PC,2010.0,Adventure,Deep Silver,0.0,0.05,0.0,0.01,0.06,The Mims Beginning
PC,2009.0,Shooter,Namco Bandai Games,0.0,0.05,0.0,0.01,0.06,S.T.A.L.K.E.R.: Call of Pripyat
PC,2007.0,Role-Playing,Atari,0.0,0.05,0.0,0.01,0.06,The Witness
PC,2008.0,Role-Playing,Ascaron Entertainment GmbH,0.0,0.05,0.0,0.01,0.06,Sacred Citadel
PC,2011.0,Action,Capcom,0.04,0.02,0.0,0.01,0.06,Dead Rising 2: Off the Record
PC,2011.0,Role-Playing,Sony Online Entertainment,0.06,0.0,0.0,0.0,0.06,Genius: Genesis of Genius
PC,2013.0,Action,Capcom,0.0,0.05,0.0,0.01,0.06,Remember Me
PC,1992.0,Strategy,Electronic Arts,0.0,0.05,0.0,0.01,0.06,Windscape
PC,2009.0,Racing,Electronic Arts,0.0,0.05,0.0,0.01,0.06,Need for Speed: Shift
PC,2003.0,Strategy,Microsoft Game Studios,0.03,0.02,0.0,0.01,0.06,Sword of the Stars: Complete Collection
PC,2010.0,Action,Electronic Arts,0.04,0.01,0.0,0.01,0.06,Crea
PC,2004.0,Strategy,Microsoft Game Studios,0.0,0.05,0.0,0.01,0.06,Game Tycoon 2
PC,2008.0,Action,Warner Bros. Interactive Entertainment,0.02,0.03,0.0,0.01,0.06,Ghostbusters: The Videogame
PC,2010.0,Sports,Konami Digital Entertainment,0.0,0.05,0.0,0.01,0.06,Pro Evolution Soccer 2016
PC,2007.0,Shooter,THQ,0.01,0.04,0.0,0.01,0.06,S.T.A.L.K.E.R.: Shadow of Chernobyl
PC,2009.0,Action,Electronic Arts,0.0,0.05,0.0,0.01,0.06,The Minotaur
PC,2005.0,Simulation,Electronic Arts,0.01,0.04,0.0,0.01,0.06,The Universim
PC,2001.0,Action,Electronic Arts,0.01,0.04,0.0,0.01,0.06,Shantae and the Pirates Curse
PC,2014.0,Action,Square Enix,0.0,0.05,0.0,0.01,0.06,Murdered: Soul Suspect
PC,2009.0,Platform,Electronic Arts,0.0,0.05,0.0,0.01,0.06,Mirrors Edge(tm)
PC,2006.0,Role-Playing,THQ,0.01,0.04,0.0,0.01,0.06,Titan Quest
PC,1999.0,Action,Electronic Arts,0.0,0.05,0.0,0.01,0.06,Dungeon Shooter 2
PC,2006.0,Role-Playing,JoWood Productions,0.0,0.05,0.0,0.01,0.06,Gothic 1
PC,2010.0,Racing,Codemasters,0.0,0.05,0.0,0.01,0.06,F1 2011
PC,2012.0,Adventure,DTP Entertainment,0.0,0.05,0.0,0.01,0.06,Lost Chronicles of Zerzura
PC,2011.0,Simulation,Excalibur Publishing,0.0,0.05,0.0,0.01,0.06,Ski-World Simulator
PC,2009.0,Puzzle,Mastertronic,0.0,0.04,0.0,0.01,0.05,4 Elements
PC,2011.0,Simulation,Kalypso Media,0.0,0.04,0.0,0.01,0.05,Airline Tycoon 2
PC,2007.0,Shooter,Electronic Arts,0.0,0.04,0.0,0.01,0.05,Medal of Honor: Airborne
PC,2011.0,Simulation,Ubisoft,0.0,0.04,0.0,0.01,0.05,IL-2 Sturmovik: Cliffs of Dover
PC,2009.0,Adventure,Focus Home Interactive,0.0,0.04,0.0,0.01,0.05,Murder Miners
PC,2010.0,Shooter,Square Enix,0.05,0.0,0.0,0.0,0.05,Front Mission Evolved
PC,2016.0,Role-Playing,Namco Bandai Games,0.0,0.05,0.0,0.0,0.05,Dark Quest
PC,2010.0,Action,Ubisoft,0.0,0.04,0.0,0.01,0.05,Tom Clancys EndWar(tm)
PC,2009.0,Role-Playing,DTP Entertainment,0.0,0.04,0.0,0.01,0.05,Lexica
PC,2016.0,Sports,Electronic Arts,0.0,0.05,0.0,0.0,0.05,FILE 9
PC,2011.0,Action,Bethesda Softworks,0.03,0.01,0.0,0.01,0.05,Hunted: The Demons Forge(tm)
PC,2013.0,Shooter,Take-Two Interactive,0.0,0.05,0.0,0.01,0.05,The Bureau: XCOM Declassified
PC,2011.0,Simulation,Paradox Interactive,0.0,0.04,0.0,0.01,0.05,Cities in Motion
PC,2007.0,Simulation,Microsoft Game Studios,0.0,0.04,0.0,0.01,0.05,Microsoft Flight Simulator X: Steam Edition
PC,2015.0,Fighting,Warner Bros. Interactive Entertainment,0.01,0.04,0.0,0.0,0.05,Mortal Kombat X
PC,2009.0,Strategy,PopCap Games,0.0,0.04,0.0,0.01,0.05,Guns n Zombies
PC,2005.0,Shooter,LucasArts,0.0,0.04,0.0,0.01,0.05,STAR WARS(tm) Republic Commando(tm)
PC,2008.0,Puzzle,PopCap Games,0.01,0.04,0.0,0.01,0.05,Bejeweled Twist
PC,2016.0,Fighting,Capcom,0.0,0.05,0.0,0.0,0.05,Street Fighter V
PC,2014.0,Adventure,Focus Home Interactive,0.0,0.05,0.0,0.0,0.05,Sherlock Holmes: Crimes and Punishments
PC,2011.0,Strategy,1C Company,0.01,0.03,0.0,0.01,0.05,Men of War: Assault Squad
PC,2016.0,Platform,Electronic Arts,0.01,0.03,0.0,0.01,0.05,Mirrors Edge(tm)
PC,2014.0,Action,Warner Bros. Interactive Entertainment,0.0,0.04,0.0,0.01,0.05,LEGO(r) The Hobbit(tm)
PC,2009.0,Racing,Codemasters,0.0,0.04,0.0,0.01,0.05,Dota 2
PC,2010.0,Shooter,Mastertronic,0.0,0.04,0.0,0.01,0.05,Singularity(tm)
PC,2004.0,Strategy,THQ,0.01,0.03,0.0,0.01,0.05,Warhammer 40000: Kill Team
PC,2006.0,Racing,Electronic Arts,0.0,0.04,0.0,0.01,0.05,Need for Speed: Shift
PC,2001.0,Strategy,Vivendi Games,0.0,0.04,0.0,0.01,0.05,Imagine Earth
PC,2003.0,Simulation,Microsoft Game Studios,0.02,0.02,0.0,0.01,0.05,FreeHolder
PC,2009.0,Shooter,Codemasters,0.01,0.03,0.0,0.01,0.05,Operation Flashpoint: Dragon Rising
PC,2009.0,Action,Activision,0.02,0.03,0.0,0.01,0.05,LEGO(r) Indiana Jones(tm) 2: The Adventure Continues
PC,2010.0,Misc,Warner Bros. Interactive Entertainment,0.05,0.0,0.0,0.0,0.05,The Great Jitters: Pudding Panic
PC,2003.0,Racing,Electronic Arts,0.0,0.04,0.0,0.01,0.05,Need for Speed Undercover
PC,2010.0,Strategy,Team17 Software,0.0,0.04,0.0,0.01,0.05,Worms Reloaded
PC,1998.0,Strategy,Activision,0.0,0.04,0.0,0.01,0.05,SoulCraft
PC,2004.0,Shooter,Ubisoft,0.0,0.04,0.0,0.01,0.05,Far Cry 3
PC,2010.0,Simulation,Paradox Interactive,0.0,0.04,0.0,0.01,0.05,Ship Simulator Extremes
PC,2009.0,Sports,Electronic Arts,0.0,0.04,0.0,0.01,0.05,PD Howler 10
PC,2000.0,Simulation,Electronic Arts,0.01,0.03,0.0,0.01,0.05,The Hive
PC,2013.0,Shooter,505 Games,0.04,0.0,0.0,0.0,0.05,Parkan 2
PC,2015.0,Strategy,Kalypso Media,0.0,0.04,0.0,0.0,0.05,Grand Ages: Medieval
PC,2006.0,Strategy,THQ,0.0,0.04,0.0,0.01,0.05,Company of Heroes
PC,2007.0,Simulation,Ubisoft,0.0,0.04,0.0,0.01,0.05,Silent Hunter(r): Wolves of the Pacific
PC,2011.0,Sports,Home Entertainment Suppliers,0.0,0.04,0.0,0.01,0.05,Rugby Challenge 3
PC,2001.0,Simulation,Microsoft Game Studios,0.0,0.04,0.0,0.01,0.05,Euro Truck Simulator
PC,2007.0,Strategy,THQ,0.0,0.04,0.0,0.01,0.05,Supreme Commander
PC,2015.0,Racing,Codemasters,0.0,0.04,0.0,0.0,0.05,F1 2015
PC,2011.0,Sports,Electronic Arts,0.0,0.03,0.0,0.01,0.05,Club Manager 2015
PC,2002.0,Action,Take-Two Interactive,0.0,0.04,0.0,0.01,0.05,Maia
PC,2009.0,Adventure,DTP Entertainment,0.0,0.04,0.0,0.01,0.05,Black Mirror II
PC,2007.0,Simulation,Monte Christo Multimedia,0.0,0.04,0.0,0.01,0.05,Gothic II: Gold Edition
PC,2009.0,Shooter,Activision,0.01,0.03,0.0,0.01,0.05,Wolfenstein 3D
PC,2010.0,Misc,Warner Bros. Interactive Entertainment,0.04,0.0,0.0,0.0,0.05,Tesla Effect: A Tex Murphy Adventure
PC,2009.0,Strategy,Kalypso Media,0.0,0.04,0.0,0.01,0.05,Tropico 5
PC,2009.0,Action,Ubisoft,0.0,0.04,0.0,0.01,0.05,Dragon: The Game
PC,2016.0,Shooter,Electronic Arts,0.0,0.04,0.0,0.0,0.05,Plants vs. Zombies GOTY Edition
PC,2006.0,Adventure,DreamCatcher Interactive,0.0,0.04,0.0,0.01,0.05,Secret Files Tunguska
PC,2011.0,Puzzle,Rising Star Games,0.0,0.04,0.0,0.01,0.04,Cradle of Rome
PC,2009.0,Adventure,Focus Home Interactive,0.0,0.04,0.0,0.01,0.04,Runaway: A Twist of Fate
PC,,Strategy,Microprose,0.02,0.02,0.0,0.01,0.04,Roller Coaster Rampage
PC,2009.0,Action,Ubisoft,0.0,0.03,0.0,0.01,0.04,Tom Clancys EndWar(tm)
PC,2003.0,Strategy,Eidos Interactive,0.0,0.04,0.0,0.0,0.04,Praetorians
PC,2012.0,Shooter,Capcom,0.0,0.04,0.0,0.01,0.04,See No Evil
PC,2006.0,Simulation,Ubisoft,0.0,0.04,0.0,0.01,0.04,IL-2 Sturmovik: 1946
PC,2010.0,Racing,Disney Interactive Studios,0.0,0.04,0.0,0.01,0.04,Split/Second
PC,2011.0,Action,Astragon,0.01,0.02,0.0,0.01,0.04,Epic Quest of the 4 Crystals
PC,2016.0,Adventure,Square Enix,0.01,0.03,0.0,0.0,0.04,Life is Hard
PC,2007.0,Racing,Electronic Arts,0.0,0.04,0.0,0.01,0.04,Need for Speed: Shift
PC,2015.0,Sports,Konami Digital Entertainment,0.0,0.04,0.0,0.0,0.04,Pro Evolution Soccer 2016
PC,2008.0,Action,LucasArts,0.02,0.02,0.0,0.01,0.04,LEGO(r) Indiana Jones(tm): The Original Adventures
PC,2006.0,Simulation,Electronic Arts,0.01,0.02,0.0,0.01,0.04,The Sims(tm) 3
PC,2002.0,Simulation,Electronic Arts,0.01,0.02,0.0,0.01,0.04,Venice Deluxe
PC,2004.0,Strategy,Ascaron Entertainment GmbH,0.0,0.03,0.0,0.01,0.04,Port Royale 2
PC,2001.0,Strategy,Electronic Arts,0.0,0.04,0.0,0.01,0.04,Black Ice
PC,2011.0,Adventure,Ubisoft,0.01,0.02,0.0,0.01,0.04,Nux
PC,2009.0,Strategy,THQ,0.0,0.03,0.0,0.01,0.04,Company of Heroes: Tales of Valor
PC,2008.0,Action,Capcom,0.01,0.02,0.0,0.01,0.04,Devil May Cry 4
PC,2006.0,Strategy,Ubisoft,0.0,0.03,0.0,0.01,0.04,Heroes of Might & Magic V
PC,2011.0,Sports,Sega,0.0,0.03,0.0,0.01,0.04,Virtual Pool 4
PC,2009.0,Strategy,Alawar Entertainment,0.0,0.03,0.0,0.01,0.04,Farm Frenzy 3
PC,,Racing,Codemasters,0.0,0.03,0.0,0.01,0.04,GRIP
PC,2012.0,Sports,Take-Two Interactive,0.04,0.0,0.0,0.0,0.04,R.B.I. Baseball 15
PC,2005.0,Strategy,Eidos Interactive,0.0,0.04,0.0,0.0,0.04,Imperial Glory
PC,2009.0,Misc,Sega,0.0,0.04,0.0,0.01,0.04,Westward Collection
PC,2013.0,Shooter,Capcom,0.0,0.03,0.0,0.01,0.04,Lost Planet(r) 2
PC,2003.0,Strategy,Microsoft Game Studios,0.01,0.02,0.0,0.01,0.04,Pride of Nations
PC,2007.0,Strategy,THQ,0.01,0.03,0.0,0.01,0.04,Company of Heroes: Opposing Fronts
PC,2011.0,Strategy,Unknown,0.0,0.03,0.0,0.01,0.04,Men of War: Vietnam
PC,2011.0,Racing,1C Company,0.0,0.03,0.0,0.01,0.04,Off-Road Drive
PC,2003.0,Action,Take-Two Interactive,0.0,0.03,0.0,0.01,0.04,Grand Theft Auto: Vice City
PC,2012.0,Action,Capcom,0.0,0.03,0.0,0.01,0.04,Resident Evil: Operation Raccoon City
PC,2007.0,Strategy,Vivendi Games,0.0,0.03,0.0,0.01,0.04,Imagine Earth
PC,2005.0,Role-Playing,NCSoft,0.0,0.03,0.0,0.01,0.04,Guild Wars Trilogy
PC,2010.0,Strategy,Kalypso Media,0.03,0.0,0.0,0.0,0.04,Patrician III
PC,2010.0,Adventure,Ubisoft,0.0,0.03,0.0,0.01,0.04,Star Conflict
PC,2013.0,Action,Capcom,0.0,0.03,0.0,0.01,0.04,AquaNox 2: Revelation
PC,2014.0,Action,Konami Digital Entertainment,0.01,0.03,0.0,0.0,0.04,Castlevania: Lords of Shadow 2
PC,2010.0,Role-Playing,Electronic Arts,0.0,0.03,0.0,0.01,0.04,Blues and Bullets
PC,2005.0,Simulation,Activision,0.01,0.03,0.0,0.01,0.04,The Minims
PC,2015.0,Simulation,Electronic Arts,0.0,0.04,0.0,0.0,0.04,The First Spark
PC,2011.0,Simulation,Deep Silver,0.02,0.01,0.0,0.0,0.04,Janes Advanced Strike Fighters
PC,2006.0,Action,Vivendi Games,0.01,0.02,0.0,0.01,0.04,Sarab: The Dark Tower
PC,2009.0,Sports,Focus Home Interactive,0.01,0.02,0.0,0.01,0.04,Blood Bowl 2
PC,2007.0,Strategy,THQ,0.01,0.02,0.0,0.01,0.04,Supreme Commander: Forged Alliance
PC,2006.0,Simulation,Take-Two Interactive,0.01,0.03,0.0,0.01,0.04,Sid Meiers Railroads!
PC,2006.0,Strategy,Vivendi Games,0.0,0.03,0.0,0.01,0.04,CaesarIA
PC,2007.0,Action,Electronic Arts,0.0,0.03,0.0,0.01,0.04,Hidden: On the trail of the Ancients
PC,2003.0,Shooter,Microsoft Game Studios,0.01,0.02,0.0,0.01,0.04,Mad Combat Marines
PC,2004.0,Racing,SCi,0.0,0.03,0.0,0.01,0.04,Richard & Alice
PC,2009.0,Action,THQ,0.0,0.03,0.0,0.01,0.04,Saints Row 2
PC,2004.0,Action,Electronic Arts,0.0,0.03,0.0,0.01,0.04,Word Wonders: The Tower of Babel
PC,2015.0,Action,Warner Bros. Interactive Entertainment,0.0,0.04,0.0,0.0,0.04,LEGO(r) Jurassic World
PC,2009.0,Adventure,Deep Silver,0.0,0.03,0.0,0.01,0.04,Secret Files 2: Puritas Cordis
PC,2015.0,Strategy,Take-Two Interactive,0.0,0.04,0.0,0.0,0.04,Civilization IV: Beyond the Sword
PC,2015.0,Simulation,Unknown,0.0,0.04,0.0,0.0,0.04,Train Simulator 2016
PC,2011.0,Role-Playing,Iceberg Interactive,0.02,0.01,0.0,0.0,0.04,APB Reloaded
PC,2003.0,Strategy,Gathering of Developers,0.0,0.03,0.0,0.01,0.04,Railroad Tycoon 3
PC,2011.0,Platform,Focus Home Interactive,0.0,0.03,0.0,0.01,0.04,Trino
PC,2011.0,Strategy,Unknown,0.0,0.03,0.0,0.0,0.04,Worms Ultimate Mayhem
PC,2013.0,Adventure,Daedalic Entertainment,0.0,0.03,0.0,0.0,0.04,The Night of the Rabbit
PC,2003.0,Strategy,Microsoft Game Studios,0.01,0.02,0.0,0.0,0.04,Age of Mythology: Extended Edition
PC,2008.0,Puzzle,2D Boy,0.0,0.03,0.0,0.01,0.04,World of Goo
PC,2007.0,Strategy,Vivendi Games,0.0,0.03,0.0,0.01,0.04,Star Conflict
PC,2008.0,Shooter,Deep Silver,0.0,0.03,0.0,0.01,0.04,S.T.A.L.K.E.R.: Clear Sky
PC,2009.0,Strategy,Ubisoft,0.0,0.03,0.0,0.01,0.04,Mortal Kombat Komplete Edition
PC,1998.0,Strategy,Vivendi Games,0.0,0.03,0.0,0.01,0.04,CaesarIA
PC,2007.0,Action,Eidos Interactive,0.0,0.03,0.0,0.01,0.04,Tomb Raider: Anniversary
PC,2007.0,Role-Playing,JoWood Productions,0.0,0.03,0.0,0.01,0.04,Atom Universe
PC,2010.0,Role-Playing,Sega,0.0,0.03,0.0,0.01,0.04,Alpha Protocol(tm)
PC,2006.0,Simulation,Ubisoft,0.0,0.03,0.0,0.01,0.04,Darkstar One
PC,,Strategy,Unknown,0.0,0.03,0.0,0.0,0.04,Clockwork Empires
PC,2010.0,Strategy,Kalypso Media,0.0,0.03,0.0,0.01,0.04,Sins of a Solar Empire(r): Trinity
PC,1998.0,Role-Playing,Interplay,0.01,0.02,0.0,0.01,0.04,Pixelscape: Oceans
PC,2005.0,Action,Empire Interactive,0.0,0.03,0.0,0.0,0.04,Rover Rescue
PC,2011.0,Strategy,Focus Home Interactive,0.0,0.03,0.0,0.01,0.04,A Game of Thrones - Genesis
PC,2008.0,Strategy,JoWood Productions,0.0,0.03,0.0,0.01,0.04,Hotel Giant 2
PC,2006.0,Action,Eidos Interactive,0.0,0.03,0.0,0.01,0.04,Hitman: Blood Money
PC,2011.0,Action,DTP Entertainment,0.0,0.03,0.0,0.01,0.04,The Kings Crusade
PC,2003.0,Shooter,Activision,0.0,0.03,0.0,0.01,0.04,STAR WARS(tm) Jedi Knight - Jedi Academy(tm)
PC,2014.0,Role-Playing,Ubisoft,0.0,0.03,0.0,0.0,0.04,Might & Magic X - Legacy
PC,2011.0,Strategy,Paradox Interactive,0.0,0.03,0.0,0.01,0.03,Supreme Ruler: Cold War
PC,2010.0,Simulation,Just Flight,0.0,0.03,0.0,0.01,0.03,Vector Assault
PC,2001.0,Sports,Eidos Interactive,0.0,0.03,0.0,0.01,0.03,Champions Of Chaos 2
PC,2008.0,Adventure,Mamba Games,0.0,0.03,0.0,0.01,0.03,The Room
PC,2006.0,Shooter,Take-Two Interactive,0.0,0.03,0.0,0.01,0.03,Crea
PC,2006.0,Strategy,Microsoft Game Studios,0.0,0.03,0.0,0.01,0.03,Rise of Nations: Extended Edition
PC,2001.0,Strategy,Microsoft Game Studios,0.0,0.03,0.0,0.01,0.03,RPG Tycoon
PC,2011.0,Puzzle,Avanquest,0.01,0.02,0.0,0.01,0.03,Sacra Terra: Angelic Night
PC,2009.0,Shooter,THQ,0.0,0.03,0.0,0.01,0.03,Red Faction II
PC,2009.0,Racing,bitComposer Games,0.0,0.03,0.0,0.01,0.03,RACE On
PC,2009.0,Action,Codemasters,0.0,0.03,0.0,0.01,0.03,Overlord II
PC,2009.0,Shooter,Ubisoft,0.0,0.03,0.0,0.01,0.03,Call of Juarez(r): Bound in Blood
PC,2006.0,Simulation,Electronic Arts,0.0,0.03,0.0,0.01,0.03,The Game of Life
PC,2010.0,Action,Ubisoft,0.0,0.03,0.0,0.0,0.03,Prince of Persia: The Forgotten Sands(tm)
PC,2014.0,Racing,Ubisoft,0.0,0.03,0.0,0.0,0.03,Trials Fusion(tm)
PC,2012.0,Action,Unknown,0.0,0.03,0.0,0.0,0.03,The Binding of Isaac
PC,2009.0,Adventure,GSP,0.0,0.03,0.0,0.01,0.03,Night Mysteries: The Amphora Prisoner
PC,2011.0,Racing,Black Bean Games,0.0,0.03,0.0,0.01,0.03,MUD Motocross World Championship
PC,2007.0,Strategy,Paradox Interactive,0.0,0.03,0.0,0.01,0.03,Go Mission: Space Travel
PC,2006.0,Strategy,Sega,0.0,0.03,0.0,0.01,0.03,Rome: Total War(tm) - Collection
PC,2007.0,Puzzle,Focus Home Interactive,0.01,0.02,0.0,0.01,0.03,Mystery Case Files: Ravenhearst
PC,2014.0,Action,Big Fish Games,0.0,0.03,0.0,0.0,0.03,Living Legends: The Frozen Fear Collection
PC,2009.0,Misc,Aspyr,0.0,0.03,0.0,0.01,0.03,Foosball: World Tour
PC,2011.0,Adventure,Her Interactive,0.03,0.0,0.0,0.0,0.03,Nancy Drew(r): Alibi in Ashes
PC,2012.0,Adventure,Avanquest Software,0.0,0.03,0.0,0.01,0.03,The Walking Dead: Season 2
PC,2009.0,Strategy,505 Games,0.01,0.02,0.0,0.01,0.03,Gems of War
PC,2011.0,Adventure,Focus Home Interactive,0.0,0.02,0.0,0.01,0.03,Galcon Legends
PC,2002.0,Role-Playing,Atari,0.0,0.03,0.0,0.01,0.03,Neverwinter
PC,2010.0,Misc,Paradox Interactive,0.0,0.03,0.0,0.0,0.03,Cake Mania Collection
PC,2013.0,Adventure,Headup Games,0.0,0.03,0.0,0.0,0.03,The Inner World
PC,1985.0,Simulation,Activision,0.0,0.03,0.0,0.01,0.03,Alter Ego
PC,2003.0,Simulation,Ubisoft,0.0,0.03,0.0,0.01,0.03,Nock: Hidden Arrow
PC,2011.0,Platform,Unknown,0.0,0.02,0.0,0.01,0.03,SuperPower 2 Steam Edition
PC,2003.0,Strategy,Vivendi Games,0.0,0.03,0.0,0.01,0.03,Teeworlds
PC,2016.0,Strategy,Paradox Interactive,0.0,0.03,0.0,0.0,0.03,Hearts of Iron IV
PC,2003.0,Platform,Ubisoft,0.0,0.03,0.0,0.01,0.03,Hitman: Blood Money
PC,2007.0,Action,THQ,0.01,0.01,0.0,0.0,0.03,Fatale
PC,2011.0,Simulation,Unknown,0.0,0.02,0.0,0.01,0.03,Take On Helicopters
PC,2010.0,Sports,Ubisoft,0.0,0.03,0.0,0.01,0.03,Mad Snowboarding
PC,2005.0,Strategy,Vivendi Games,0.0,0.03,0.0,0.0,0.03,Imagine Earth
PC,2012.0,Sports,Take-Two Interactive,0.0,0.02,0.0,0.0,0.03,NBA 2K13
PC,2009.0,Action,Electronic Arts,0.0,0.03,0.0,0.01,0.03,Lara Croft and the Guardian of Light
PC,2004.0,Strategy,Sunflowers,0.0,0.02,0.0,0.01,0.03,Knights of Honor
PC,2009.0,Strategy,Atari,0.0,0.02,0.0,0.01,0.03,Codename: Panzers - Cold War
PC,2015.0,Action,Activision,0.0,0.03,0.0,0.0,0.03,TRANSFORMERS: Devastation
PC,2009.0,Shooter,SouthPeak Games,0.01,0.01,0.0,0.0,0.03,Sentinel
PC,2008.0,Strategy,Pinnacle,0.0,0.02,0.0,0.01,0.03,Fringes of the Empire
PC,2014.0,Role-Playing,Square Enix,0.0,0.03,0.0,0.0,0.03,Lords of the Realm
PC,2007.0,Action,Ubisoft,0.0,0.02,0.0,0.01,0.03,Sniper Elite 4
PC,2008.0,Racing,Atari,0.0,0.02,0.0,0.01,0.03,BiT Evolution
PC,1988.0,Simulation,Maxis,0.0,0.02,0.0,0.01,0.03,SodaCity
PC,2011.0,Misc,THQ,0.03,0.0,0.0,0.0,0.03,Aliens: Colonial Marines Collection
PC,2012.0,Shooter,Bethesda Softworks,0.0,0.02,0.0,0.01,0.03,Doom 3: BFG Edition
PC,2009.0,Platform,Number None,0.0,0.02,0.0,0.01,0.03,Braid
PC,2010.0,Action,LucasArts,0.03,0.0,0.0,0.0,0.03,STAR WARS(tm): The Force Unleashed(tm) II
PC,2016.0,Racing,Electronic Arts,0.0,0.03,0.0,0.0,0.03,Need for Speed: Shift
PC,2010.0,Strategy,Paradox Interactive,0.0,0.02,0.0,0.01,0.03,Commander: Conquest of the Americas
PC,2009.0,Role-Playing,Take-Two Interactive,0.0,0.02,0.0,0.01,0.03,Alexia Crow and the Cave of Heroes
PC,2008.0,Action,Activision,0.01,0.01,0.0,0.0,0.03,The Battle of Sol
PC,2016.0,Sports,Focus Home Interactive,0.0,0.03,0.0,0.0,0.03,Pro Cycling Manager 2016
PC,2008.0,Adventure,Kalypso Media,0.0,0.02,0.0,0.0,0.03,Jack Keane
PC,2009.0,Simulation,THQ,0.0,0.02,0.0,0.01,0.03,World of Zoo
PC,2002.0,Action,Microids,0.0,0.02,0.0,0.0,0.03,Syberia
PC,,Misc,TopWare Interactive,0.0,0.02,0.0,0.01,0.03,Battle Brothers
PC,2004.0,Shooter,Electronic Arts,0.01,0.01,0.0,0.0,0.03,Blitzkrieg 2 Anthology
PC,1992.0,Shooter,id Software,0.02,0.0,0.0,0.0,0.03,Poof
PC,2009.0,Action,Activision,0.01,0.01,0.0,0.0,0.03,Monsters & Munitions
PC,2015.0,Adventure,Rondomedia,0.0,0.03,0.0,0.0,0.03,The Great Jitters: Pudding Panic
PC,2016.0,Strategy,Paradox Interactive,0.0,0.03,0.0,0.0,0.03,Stellaris
PC,2011.0,Puzzle,Focus Home Interactive,0.0,0.02,0.0,0.01,0.03,Monster Trucks Nitro
PC,2012.0,Adventure,Daedalic Entertainment,0.0,0.02,0.0,0.0,0.03,Botanicula
PC,2010.0,Role-Playing,Funcom,0.0,0.02,0.0,0.0,0.03,Avencast: Rise of the Mage
PC,2008.0,Misc,Ubisoft,0.0,0.02,0.0,0.0,0.03,The Ship: Murder Party
PC,2004.0,Shooter,Electronic Arts,0.0,0.02,0.0,0.0,0.03,Battle Fleet 2
PC,2006.0,Action,Ubisoft,0.0,0.02,0.0,0.0,0.03,Boulder Dash - 30th Anniversary
PC,2015.0,Racing,Milestone S.r.l.,0.0,0.03,0.0,0.0,0.03,Ridge
PC,2006.0,Strategy,Deep Silver,0.0,0.02,0.0,0.0,0.03,Warhammer: Arcane Magic
PC,2010.0,Misc,Namco Bandai Games,0.0,0.02,0.0,0.01,0.03,Shadow Man
PC,2001.0,Strategy,Strategy First,0.0,0.02,0.0,0.0,0.03,Cossacks: European Wars
PC,2008.0,Action,Ubisoft,0.0,0.02,0.0,0.0,0.03,Prince of Persia(r)
PC,2010.0,Simulation,,0.0,0.03,0.0,0.0,0.03,War Truck Simulator
PC,2011.0,Role-Playing,Paradox Interactive,0.0,0.02,0.0,0.01,0.03,Magicka
PC,2013.0,Action,Namco Bandai Games,0.0,0.02,0.0,0.0,0.03,Swordbreaker The Game
PC,2008.0,Simulation,Deep Silver,0.0,0.02,0.0,0.01,0.03,X3: Terran Conflict
PC,2011.0,Strategy,Paradox Interactive,0.0,0.02,0.0,0.0,0.03,King Arthurs Gold
PC,2003.0,Shooter,Take-Two Interactive,0.0,0.02,0.0,0.0,0.03,Max Payne 2: The Fall of Max Payne
PC,2008.0,Simulation,Electronic Arts,0.0,0.02,0.0,0.0,0.03,Hylics
PC,2006.0,Role-Playing,NCSoft,0.0,0.02,0.0,0.01,0.03,Guild Wars Nightfall(r)
PC,2003.0,Strategy,Atari,0.0,0.02,0.0,0.01,0.03,RollerCoaster Tycoon(r) 2: Triple Thrill Pack
PC,2009.0,Action,LucasArts,0.0,0.02,0.0,0.0,0.03,STAR WARS(tm) The Clone Wars(tm) - Republic Heroes(tm)
PC,2016.0,Racing,Codemasters,0.0,0.03,0.0,0.0,0.03,DiRT Rally
PC,2007.0,Simulation,Electronic Arts,0.01,0.01,0.0,0.0,0.03,The Sum of All Fears
PC,2014.0,Racing,Codemasters,0.0,0.02,0.0,0.0,0.03,GRID Autosport
PC,2004.0,Role-Playing,Atari,0.0,0.02,0.0,0.0,0.03,Neverending Nightmares
PC,2010.0,Role-Playing,DTP Entertainment,0.0,0.02,0.0,0.01,0.03,Divinity II: Developers Cut
PC,2006.0,Shooter,Electronic Arts,0.0,0.02,0.0,0.0,0.03,Battle Fleet 2
PC,2011.0,Simulation,bitComposer Games,0.0,0.02,0.0,0.01,0.03,Air Conflicts: Secret Wars
PC,2010.0,Shooter,Capcom,0.0,0.02,0.0,0.01,0.03,Lost Planet(r) 2
PC,2008.0,Action,Take-Two Interactive,0.0,0.02,0.0,0.0,0.03,Bully: Scholarship Edition
PC,2005.0,Role-Playing,NCSoft,0.02,0.0,0.0,0.0,0.03,Gemini Wars
PC,2012.0,Adventure,Reef Entertainment,0.0,0.02,0.0,0.0,0.03,Captain Morgane and the Golden Turtle
PC,2007.0,Strategy,Microsoft Game Studios,0.0,0.02,0.0,0.01,0.03,Gothic II: Gold Edition
PC,2005.0,Role-Playing,Microsoft Game Studios,0.0,0.02,0.0,0.0,0.03,Dungeon Siege II
PC,2005.0,Shooter,Vivendi Games,0.0,0.02,0.0,0.0,0.03,SWAM
PC,2011.0,Adventure,Unknown,0.0,0.02,0.0,0.0,0.03,Majesty 2 Collection
PC,2009.0,Action,Electronic Arts,0.0,0.02,0.0,0.0,0.03,The Lord of the Rings Online
PC,2009.0,Strategy,Eidos Interactive,0.0,0.02,0.0,0.0,0.03,Battlestations Pacific
PC,2006.0,Role-Playing,Atari,0.0,0.02,0.0,0.0,0.03,Neverwinter
PC,2002.0,Shooter,Electronic Arts,0.01,0.01,0.0,0.0,0.03,Battalion 1944
PC,2009.0,Action,Activision,0.02,0.0,0.0,0.0,0.03,The Original Strife: Veteran Edition
PC,2011.0,Action,Disney Interactive Studios,0.02,0.0,0.0,0.0,0.03,LEGO(r) Pirates of the Caribbean: The Video Game
PC,2003.0,Simulation,Vivendi Games,0.0,0.02,0.0,0.0,0.03,Jurassic Park: The Game
PC,2005.0,Strategy,Take-Two Interactive,0.0,0.02,0.0,0.0,0.02,Stronghold 3 Gold
PC,2011.0,Puzzle,Focus Home Interactive,0.0,0.02,0.0,0.0,0.02,Trapped Dead: Lockdown
PC,2006.0,Strategy,LucasArts,0.0,0.02,0.0,0.0,0.02,President for a Day - Corruption
PC,2009.0,Adventure,DTP Entertainment,0.0,0.02,0.0,0.0,0.02,Ghost Pirates of Vooju Island
PC,2006.0,Strategy,Deep Silver,0.0,0.02,0.0,0.0,0.02,DCS World
PC,2009.0,Strategy,Kalypso Media,0.0,0.02,0.0,0.0,0.02,Tropico Reloaded
PC,1998.0,Strategy,Vivendi Games,0.0,0.02,0.0,0.0,0.02,Chariot
PC,2007.0,Strategy,Ubisoft,0.01,0.01,0.0,0.0,0.02,The Settlers Online
PC,2008.0,Role-Playing,GOA,0.0,0.02,0.0,0.0,0.02,Warhammer 40000: Armageddon
PC,2010.0,Action,Warner Bros. Interactive Entertainment,0.01,0.01,0.0,0.0,0.02,LEGO Harry Potter: Years 1-4
PC,2007.0,Simulation,Microsoft Game Studios,0.0,0.02,0.0,0.0,0.02,Pinata
PC,2016.0,Simulation,Astragon,0.0,0.02,0.0,0.0,0.02,Bus Simulator 16
PC,2009.0,Strategy,Atari,0.0,0.02,0.0,0.0,0.02,Demigod
PC,2010.0,Role-Playing,Atari,0.0,0.02,0.0,0.0,0.02,Star Trek Online
PC,2012.0,Strategy,Kalypso Media,0.0,0.02,0.0,0.0,0.02,Tropico Reloaded
PC,2008.0,Strategy,Paradox Interactive,0.0,0.02,0.0,0.0,0.02,Europa Universalis III Complete
PC,2008.0,Shooter,Ubisoft,0.0,0.02,0.0,0.0,0.02,Tom Clancys Rainbow Six(r) Vegas 2
PC,2007.0,Simulation,Electronic Arts,0.0,0.02,0.0,0.0,0.02,SimpleRockets
PC,2010.0,Puzzle,Rondomedia,0.0,0.02,0.0,0.01,0.02,AstroPop Deluxe
PC,2008.0,Shooter,Ubisoft,0.0,0.02,0.0,0.0,0.02,Brothers in Arms: Hells Highway(tm)
PC,2008.0,Strategy,Gamecock,0.0,0.02,0.0,0.0,0.02,Stronghold Crusader HD
PC,2010.0,Simulation,Focus Home Interactive,0.0,0.02,0.0,0.0,0.02,Cities XXL
PC,2008.0,Action,Activision,0.0,0.02,0.0,0.0,0.02,Dungeonland
PC,2012.0,Fighting,Capcom,0.0,0.02,0.0,0.0,0.02,Street Fighter X Tekken
PC,2009.0,Action,Kalypso Media,0.0,0.02,0.0,0.0,0.02,Ceville
PC,2005.0,Racing,Atari,0.0,0.02,0.0,0.0,0.02,GT Legends
PC,2012.0,Racing,Codemasters,0.0,0.02,0.0,0.0,0.02,Rage Wars
PC,2011.0,Puzzle,PopCap Games,0.02,0.0,0.0,0.0,0.02,Escape The Past
PC,2005.0,Simulation,Graphsim Entertainment,0.0,0.02,0.0,0.0,0.02,Falcon 4.0
PC,2006.0,Shooter,Midway Games,0.0,0.02,0.0,0.0,0.02,Unreal Gold
PC,2012.0,Misc,Deep Silver,0.0,0.02,0.0,0.0,0.02,X3: Terran Conflict
PC,2009.0,Strategy,Ubisoft,0.0,0.02,0.0,0.0,0.02,Tom Clancys EndWar(tm)
PC,2008.0,Shooter,Electronic Arts,0.0,0.02,0.0,0.0,0.02,Left 4 Dead
PC,2006.0,Puzzle,Focus Home Interactive,0.0,0.02,0.0,0.0,0.02,Bejeweled 2 Deluxe
PC,2007.0,Racing,Codemasters,0.0,0.02,0.0,0.0,0.02,DARK
PC,2008.0,Shooter,THQ,0.0,0.02,0.0,0.0,0.02,Frontlines(tm): Fuel of War(tm)
PC,2009.0,Adventure,Ubisoft,0.0,0.02,0.0,0.0,0.02,MC Lars: The Video Game
PC,2007.0,Racing,Atari,0.0,0.02,0.0,0.0,0.02,Test Drive Unlimited 2
PC,2009.0,Action,Konami Digital Entertainment,0.0,0.02,0.0,0.0,0.02,SNOW
PC,2009.0,Action,Activision,0.02,0.0,0.0,0.0,0.02,Rise of the Argonauts
PC,2010.0,Shooter,Devolver Digital,0.0,0.02,0.0,0.0,0.02,Imperium Romanum Gold Edition
PC,1998.0,Strategy,Vivendi Games,0.0,0.02,0.0,0.0,0.02,Hurtworld
PC,2014.0,Shooter,Electronic Arts,0.0,0.02,0.0,0.0,0.02,Plants vs. Zombies GOTY Edition
PC,2001.0,Shooter,Take-Two Interactive,0.0,0.02,0.0,0.0,0.02,Max Payne
PC,2003.0,Simulation,Ubisoft,0.0,0.02,0.0,0.0,0.02,IL-2 Sturmovik: Cliffs of Dover
PC,2007.0,Strategy,Codemasters,0.0,0.02,0.0,0.0,0.02,Overland
PC,2014.0,Role-Playing,Deep Silver,0.0,0.02,0.0,0.0,0.02,Sacred 3
PC,2016.0,Sports,505 Games,0.01,0.01,0.0,0.0,0.02,Rocket League(r)
PC,2009.0,Racing,Rondomedia,0.0,0.02,0.0,0.0,0.02,18 Wheels of Steel: Extreme Trucker
PC,2011.0,Simulation,Unknown,0.0,0.02,0.0,0.0,0.02,Cities in Motion 2
PC,2001.0,Strategy,Blue Byte,0.0,0.02,0.0,0.0,0.02,The Settlers Online
PC,2008.0,Role-Playing,Paradox Interactive,0.0,0.02,0.0,0.0,0.02,Mount & Blade
PC,2008.0,Adventure,DTP Entertainment,0.0,0.02,0.0,0.0,0.02,Manastorm: Champions of Gnar
PC,2005.0,Shooter,Activision,0.0,0.02,0.0,0.0,0.02,Quake IV
PC,2002.0,Strategy,JoWood Productions,0.0,0.02,0.0,0.0,0.02,Maximum Archery The Game
PC,2009.0,Racing,Codemasters,0.0,0.02,0.0,0.0,0.02,Fuse
PC,2005.0,Adventure,Atari,0.0,0.02,0.0,0.0,0.02,Bridge Project
PC,2010.0,Adventure,Daedalic,0.0,0.02,0.0,0.01,0.02,The Mind Hero
PC,2008.0,Sports,Electronic Arts,0.0,0.02,0.0,0.0,0.02,LocoSoccer
PC,2006.0,Strategy,Electronic Arts,0.01,0.01,0.0,0.0,0.02,Lord of the Rings: War in the North
PC,2008.0,Adventure,Eidos Interactive,0.0,0.02,0.0,0.0,0.02,Sokobond
PC,2007.0,Role-Playing,DTP Entertainment,0.0,0.02,0.0,0.0,0.02,Legend - Hand of God
PC,2004.0,Role-Playing,Ubisoft,0.0,0.02,0.0,0.0,0.02,Fallout 3
PC,2005.0,Simulation,Electronic Arts,0.01,0.01,0.0,0.0,0.02,The Basement Collection
PC,2008.0,Strategy,Electronic Arts,0.0,0.02,0.0,0.0,0.02,Command & Conquer 3: Kanes Wrath
PC,2005.0,Role-Playing,Encore,0.0,0.02,0.0,0.0,0.02,Sacred Gold
PC,2009.0,Strategy,Square Enix,0.0,0.01,0.0,0.0,0.02,Order of War(tm)
PC,2004.0,Shooter,DreamCatcher Interactive,0.0,0.02,0.0,0.0,0.02,Pillar
PC,2008.0,Action,Activision,0.0,0.02,0.0,0.0,0.02,Styx: Master of Shadows
PC,2011.0,Role-Playing,Unknown,0.02,0.0,0.0,0.0,0.02,Dungeon Defenders
PC,2006.0,Strategy,Electronic Arts,0.01,0.01,0.0,0.0,0.02,Command & Conquer: Red Alert 3
PC,2009.0,Strategy,Sega,0.0,0.02,0.0,0.0,0.02,StarDrive
PC,2016.0,Racing,Codemasters,0.0,0.02,0.0,0.0,0.02,F1 2010(tm)
PC,2007.0,Platform,Activision,0.02,0.0,0.0,0.0,0.02,Spider Wars
PC,2015.0,Action,Alternative Software,0.0,0.02,0.0,0.0,0.02,Rugby League Team Manager 2015
PC,2008.0,Role-Playing,Codemasters Online,0.0,0.02,0.0,0.0,0.02,The Lord of the Rings Online
PC,2009.0,Strategy,CDV Software Entertainment,0.0,0.02,0.0,0.0,0.02,Pride of Nations
PC,2007.0,Role-Playing,Electronic Arts,0.0,0.02,0.0,0.0,0.02,Velvet Sundown
PC,2016.0,Shooter,Deep Silver,0.0,0.02,0.0,0.0,0.02,Homefront(r): The Revolution
PC,2006.0,Racing,Codemasters,0.0,0.02,0.0,0.0,0.02,SHOFER Race Driver
PC,2011.0,Simulation,Unknown,0.0,0.02,0.0,0.0,0.02,Goat Simulator
PC,2012.0,Strategy,Iceberg Interactive,0.0,0.02,0.0,0.0,0.02,Oil Rush
PC,2011.0,Simulation,,0.0,0.02,0.0,0.0,0.02,Demolition Company Gold Edition
PC,2006.0,Simulation,Electronic Arts,0.01,0.01,0.0,0.0,0.02,The Happy Hereafter
PC,2012.0,Racing,Namco Bandai Games,0.0,0.02,0.0,0.0,0.02,Ridge Racer(tm) Unbounded
PC,2016.0,Role-Playing,Square Enix,0.0,0.02,0.0,0.0,0.02,Deus Ex: Mankind Divided
PC,2016.0,Simulation,Atari,0.0,0.02,0.0,0.0,0.02,RollerCoaster Tycoon World(tm)
PC,2011.0,Strategy,Iceberg Interactive,0.0,0.02,0.0,0.0,0.02,Trapped Dead
PC,2008.0,Simulation,Electronic Arts,0.0,0.02,0.0,0.0,0.02,Little Inferno
PC,2006.0,Simulation,Electronic Arts,0.0,0.01,0.0,0.0,0.02,The Pirate: Caribbean Hunt
PC,2006.0,Sports,Sega,0.0,0.02,0.0,0.0,0.02,Soccer Manager 2017
PC,2005.0,Simulation,Codemasters,0.0,0.02,0.0,0.0,0.02,Storm over the Pacific
PC,2010.0,Role-Playing,Paradox Interactive,0.01,0.01,0.0,0.0,0.02,Mount & Blade: Warband
PC,2012.0,Puzzle,Focus Multimedia,0.0,0.02,0.0,0.0,0.02,Dark Tales: Edgar Allan Poes The Gold Bug Collectors Edition
PC,2016.0,Action,Capcom,0.01,0.01,0.0,0.0,0.02,Strike Suit Zero
PC,2009.0,Action,Eidos Interactive,0.0,0.02,0.0,0.0,0.02,Mini Ninjas
PC,2008.0,Sports,Electronic Arts,0.0,0.02,0.0,0.0,0.02,FILE 9
PC,2007.0,Strategy,Unknown,0.0,0.02,0.0,0.0,0.02,Tyto Ecology
PC,2012.0,Role-Playing,Paradox Interactive,0.0,0.02,0.0,0.0,0.02,Moto Racer Collection
PC,2003.0,Shooter,Gathering of Developers,0.0,0.02,0.0,0.0,0.02,iRacing
PC,2005.0,Shooter,Empire Interactive,0.0,0.02,0.0,0.0,0.02,Starship Traveller
PC,2008.0,Shooter,Electronic Arts,0.0,0.02,0.0,0.0,0.02,Crysis Warhead(r)
PC,2011.0,Puzzle,Avanquest,0.0,0.02,0.0,0.0,0.02,Atlantic Fleet
PC,2006.0,Strategy,Atari,0.0,0.02,0.0,0.0,0.02,Tycoon City: New York
PC,2016.0,Adventure,Microids,0.0,0.02,0.0,0.0,0.02,Agatha Christie - The ABC Murders
PC,2009.0,Shooter,Activision,0.02,0.0,0.0,0.0,0.02,Transformers(tm): Fall of Cybertron(tm)
PC,2008.0,Strategy,THQ,0.0,0.02,0.0,0.0,0.02,Warhammer(r) 40000: Dawn of War(r) - Soulstorm
PC,2003.0,Strategy,Eidos Interactive,0.0,0.02,0.0,0.0,0.02,Commandos 3: Destination Berlin
PC,2015.0,Misc,Focus Multimedia,0.0,0.02,0.0,0.0,0.02,Fruits Inc. Deluxe Pack
PC,2003.0,Adventure,Ubisoft,0.0,0.02,0.0,0.0,0.02,Stars Beyond Reach
PC,2013.0,Simulation,Aerosoft,0.0,0.02,0.0,0.0,0.02,X-Plane 10 Global - 64 Bit
PC,2011.0,Racing,Ubisoft,0.0,0.01,0.0,0.0,0.02,WRC 4 FIA World Rally Championship
PC,2008.0,Shooter,Atari,0.0,0.01,0.0,0.0,0.02,Legendary
PC,2010.0,Sports,Focus Home Interactive,0.0,0.01,0.0,0.0,0.02,Blood Bowl(r) Legendary Edition
PC,2008.0,Role-Playing,Koch Media,0.0,0.01,0.0,0.0,0.02,Pirates of the Polygon Sea
PC,2009.0,Strategy,Playlogic Game Factory,0.02,0.0,0.0,0.0,0.02,Sound Shift
PC,2015.0,Action,Ubisoft,0.0,0.02,0.0,0.0,0.02,The Dwarf Run
PC,2015.0,Misc,Avanquest Software,0.0,0.02,0.0,0.0,0.02,The Darkness II
PC,2008.0,Puzzle,PopCap Games,0.0,0.01,0.0,0.0,0.02,Peggle(tm) Nights
PC,2008.0,Strategy,Electronic Arts,0.0,0.01,0.0,0.0,0.02,Command & Conquer 3: Kanes Wrath
PC,2010.0,Shooter,Activision,0.02,0.0,0.0,0.0,0.02,Hitman: Blood Money
PC,2011.0,Shooter,Mastiff,0.02,0.0,0.0,0.0,0.02,Heavy Fire: Afghanistan
PC,2008.0,Adventure,Big Fish Games,0.0,0.01,0.0,0.0,0.02,Agatha Christie - The ABC Murders
PC,2006.0,Action,Eidos Interactive,0.0,0.01,0.0,0.0,0.02,Tomb Raider: Legend
PC,2002.0,Simulation,Microsoft Game Studios,0.01,0.01,0.0,0.0,0.02,Cossacks II: Battle for Europe
PC,2014.0,Action,Square Enix,0.0,0.02,0.0,0.0,0.02,Lara Croft and the Guardian of Light
PC,2015.0,Action,Square Enix,0.01,0.01,0.0,0.0,0.02,Farm Frenzy: Heave Ho
PC,2000.0,Simulation,Interplay,0.0,0.01,0.0,0.0,0.02,Airline Tycoon 2
PC,2010.0,Puzzle,Mastertronic,0.0,0.01,0.0,0.0,0.02,Bejeweled Twist
PC,2016.0,Action,Insomniac Games,0.02,0.0,0.0,0.0,0.02,Song of the Deep
PC,2004.0,Shooter,Atari,0.0,0.01,0.0,0.0,0.02,Unreal Tournament 3 Black
PC,1999.0,Adventure,Empire Interactive,0.0,0.01,0.0,0.0,0.02,The Longest Journey
PC,2006.0,Strategy,Take-Two Interactive,0.0,0.01,0.0,0.0,0.02,Stronghold 3 Gold
PC,2004.0,Adventure,MC2 Entertainment,0.0,0.01,0.0,0.0,0.02,Syberia II
PC,2011.0,Strategy,Kalypso Media,0.0,0.01,0.0,0.0,0.02,Dungeons - The Dark Lord
PC,2008.0,Action,Ubisoft,0.0,0.01,0.0,0.0,0.02,Lost Marbles
PC,2003.0,Adventure,Microids,0.0,0.01,0.0,0.0,0.02,Post Mortem
PC,2010.0,Strategy,Kalypso Media,0.0,0.01,0.0,0.0,0.02,Disciples III: Reincarnation
PC,2016.0,Adventure,Koch Media,0.0,0.02,0.0,0.0,0.02,SPACE MOUSE 35th Anniversary edition
PC,2010.0,Strategy,Paradox Interactive,0.0,0.01,0.0,0.0,0.02,Super Granny Collection
PC,2006.0,Action,Activision,0.0,0.01,0.0,0.0,0.02,Wasteland 1 - The Original Classic
PC,2006.0,Action,Eidos Interactive,0.0,0.01,0.0,0.0,0.02,Just Cause
PC,2006.0,Simulation,Ubisoft,0.01,0.0,0.0,0.0,0.02,Blazing Angels(r) 2: Secret Missions of WWII
PC,2014.0,Role-Playing,Focus Home Interactive,0.0,0.02,0.0,0.0,0.02,Divinity: Original Sin 2
PC,2009.0,Adventure,Rondomedia,0.0,0.01,0.0,0.0,0.02,Still Life 2
PC,2001.0,Strategy,Virgin Interactive,0.0,0.01,0.0,0.0,0.02,Worms Blast
PC,2007.0,Shooter,Microsoft Game Studios,0.0,0.01,0.0,0.0,0.02,Gems of War
PC,2004.0,Racing,Codemasters,0.0,0.01,0.0,0.0,0.02,Colin McRae Rally
PC,2005.0,Action,Eidos Interactive,0.0,0.01,0.0,0.0,0.02,MC Lars: The Video Game
PC,2010.0,Action,Capcom,0.0,0.01,0.0,0.0,0.02,Dark Raid
PC,2006.0,Simulation,Ubisoft,0.0,0.01,0.0,0.0,0.02,Star Trek Online
PC,2008.0,Platform,THQ,0.0,0.01,0.0,0.0,0.02,Valley
PC,2010.0,Strategy,Mamba Games,0.0,0.01,0.0,0.0,0.02,Magrunner: Dark Pulse
PC,2010.0,Strategy,Electronic Arts,0.0,0.01,0.0,0.0,0.02,Command & Conquer 4: Tiberian Twilight
PC,2005.0,Action,THQ,0.01,0.0,0.0,0.0,0.02,Requiem: Rise of the Reaver
PC,2008.0,Strategy,Mumbo Jumbo,0.01,0.0,0.0,0.0,0.02,Farm Frenzy
PC,2008.0,Adventure,Crimson Cow,0.0,0.01,0.0,0.0,0.02,A Vampyre Story
PC,2011.0,Shooter,Visco,0.02,0.0,0.0,0.0,0.02,The Haunted: Hells Reach
PC,2011.0,Strategy,Paradox Interactive,0.0,0.01,0.0,0.0,0.02,Majesty 2 Collection
PC,2005.0,Shooter,MC2 Entertainment,0.0,0.01,0.0,0.0,0.02,Sniper Elite
PC,2009.0,Puzzle,Unknown,0.0,0.01,0.0,0.0,0.02,The Fruit of Grisaia
PC,2007.0,Sports,Electronic Arts,0.0,0.01,0.0,0.0,0.02,LocoSoccer
PC,2009.0,Shooter,NovaLogic,0.01,0.0,0.0,0.0,0.02,Joint Operations: Combined Arms Gold
PC,2009.0,Role-Playing,Eidos Interactive,0.01,0.0,0.0,0.0,0.02,Drakensang: The River of Time
PC,2013.0,Action,Capcom,0.0,0.01,0.0,0.0,0.02,DuckTales: Remastered
PC,2013.0,Platform,Focus Home Interactive,0.0,0.01,0.0,0.0,0.02,Contrast
PC,2009.0,Strategy,Paradox Interactive,0.01,0.0,0.0,0.0,0.02,Elven Legacy
PC,2009.0,Simulation,Paradox Interactive,0.01,0.0,0.0,0.0,0.02,Crusaders: Thy Kingdom Come
PC,2003.0,Strategy,Electronic Arts,0.01,0.0,0.0,0.0,0.02,Command & Conquer: Red Alert 3
PC,2004.0,Sports,Sega,0.0,0.01,0.0,0.0,0.02,Soccer Manager 2016
PC,2007.0,Shooter,Activision,0.01,0.0,0.0,0.0,0.02,CrimeCraft: GangWars
PC,2015.0,Simulation,Electronic Arts,0.0,0.01,0.0,0.0,0.02,The Ship: Murder Party
PC,2004.0,Strategy,Vivendi Games,0.0,0.01,0.0,0.0,0.02,Evil Genius
PC,2014.0,Role-Playing,Paradox Interactive,0.0,0.01,0.0,0.0,0.02,Pillars of Eternity
PC,2002.0,Strategy,Infogrames,0.01,0.0,0.0,0.0,0.02,RollerCoaster Tycoon World(tm)
PC,2006.0,Role-Playing,NCSoft,0.0,0.01,0.0,0.0,0.02,Guild Wars Factions(r)
PC,2008.0,Strategy,Kalypso Media,0.0,0.01,0.0,0.0,0.02,Imperia Online
PC,2007.0,Simulation,Lighthouse Interactive,0.0,0.01,0.0,0.0,0.02,Train Simulator 2016
PC,2011.0,Strategy,Paradox Interactive,0.0,0.01,0.0,0.0,0.02,Sengoku
PC,2011.0,Simulation,Masque Publishing,0.01,0.0,0.0,0.0,0.02,IGT Slots Paradise Garden
PC,1995.0,Misc,Vivendi Games,0.01,0.0,0.0,0.0,0.02,Commando Jack
PC,2008.0,Action,Touchstone,0.0,0.01,0.0,0.0,0.01,Turok
PC,2009.0,Sports,Sega,0.0,0.01,0.0,0.0,0.01,Football Manager 2016
PC,1994.0,Fighting,Acclaim Entertainment,0.01,0.0,0.0,0.0,0.01,Mortal Kombat X
PC,2005.0,Shooter,Take-Two Interactive,0.0,0.01,0.0,0.0,0.01,Serious Sam 2
PC,2007.0,Role-Playing,Atari,0.0,0.01,0.0,0.0,0.01,Requiem: Rise of the Reaver
PC,2006.0,Shooter,Ubisoft,0.0,0.01,0.0,0.0,0.01,Call of Juarez(tm)
PC,2005.0,Strategy,CDV Software Entertainment,0.0,0.01,0.0,0.0,0.01,Codename: Panzers Phase Two
PC,2010.0,Simulation,Aerosoft,0.01,0.0,0.0,0.0,0.01,Rise of Flight United
PC,2002.0,Shooter,Atari,0.0,0.01,0.0,0.0,0.01,Unreal Tournament 3 Black
PC,2009.0,Role-Playing,Square Enix,0.0,0.01,0.0,0.0,0.01,The Last Remnant(tm)
PC,2002.0,Strategy,Microsoft Game Studios,0.0,0.01,0.0,0.0,0.01,Impossible Quest
PC,2007.0,Misc,Aspyr,0.01,0.0,0.0,0.0,0.01,Faery - Legends of Avalon
PC,2008.0,Strategy,Ascaron Entertainment GmbH,0.0,0.01,0.0,0.0,0.01,Blitzkrieg 2 Anthology
PC,2006.0,Misc,Ubisoft,0.0,0.01,0.0,0.0,0.01,Rayman Raving Rabbids(tm)
PC,2011.0,Adventure,Avanquest,0.0,0.01,0.0,0.0,0.01,Sherlock Holmes: The Mystery of the Persian Carpet
PC,2016.0,Strategy,Nordic Games,0.0,0.01,0.0,0.0,0.01,Battle Worlds: Kronos
PC,,Racing,Black Bean Games,0.0,0.01,0.0,0.0,0.01,WRC 4 FIA World Rally Championship
PC,2011.0,Simulation,Excalibur Publishing,0.0,0.01,0.0,0.0,0.01,Gamer Simulator
PC,2001.0,Simulation,Blue Byte,0.0,0.01,0.0,0.0,0.01,IL-2 Sturmovik: 1946
PC,2009.0,Strategy,Paradox Interactive,0.01,0.0,0.0,0.0,0.01,Logistics Company
PC,1992.0,Strategy,New World Computing,0.01,0.0,0.0,0.0,0.01,Venice Deluxe
PC,2007.0,Sports,Sega,0.0,0.01,0.0,0.0,0.01,Virtual Pool 4
PC,2002.0,Action,Take-Two Interactive,0.0,0.01,0.0,0.0,0.01,Grand Theft Auto III
PC,2015.0,Action,Alawar Entertainment,0.0,0.01,0.0,0.0,0.01,Paranormal Psychosis
PC,2009.0,Puzzle,Namco Bandai Games,0.0,0.01,0.0,0.0,0.01,Wandering Willows(tm)
PC,2004.0,Sports,Sega,0.0,0.01,0.0,0.0,0.01,Football Manager 2016
PC,2007.0,Strategy,Kalypso Media,0.0,0.01,0.0,0.0,0.01,Theatre of War
PC,2011.0,Adventure,ValuSoft,0.01,0.0,0.0,0.0,0.01,Rain Blood Chronicles: Mirage
PC,2010.0,Fighting,PQube,0.0,0.01,0.0,0.0,0.01,BlazBlue: Calamity Trigger
PC,2002.0,Action,Electronic Arts,0.0,0.01,0.0,0.0,0.01,Alexia Crow and the Cave of Heroes
PC,2012.0,Puzzle,Focus Multimedia,0.0,0.01,0.0,0.0,0.01,Into the Belly of the Beast
PC,2009.0,Shooter,Evolved Games,0.01,0.0,0.0,0.0,0.01,Arma 2: Operation Arrowhead
PC,2004.0,Sports,Electronic Arts,0.0,0.01,0.0,0.0,0.01,Rugby World Cup 2015
PC,2000.0,Role-Playing,Eidos Interactive,0.0,0.01,0.0,0.0,0.01,Reus
PC,2011.0,Puzzle,Unknown,0.0,0.01,0.0,0.0,0.01,Dark Fall: The Journal
PC,2007.0,Simulation,Electronic Arts,0.0,0.01,0.0,0.0,0.01,Cat Simulator
PC,2009.0,Strategy,Electronic Arts,0.0,0.01,0.0,0.0,0.01,Battleborn
PC,2007.0,Puzzle,Avanquest,0.0,0.01,0.0,0.0,0.01,Jewel Quest Pack
PC,2013.0,Racing,Sega,0.0,0.01,0.0,0.0,0.01,Sonic & All-Stars Racing Transformed
PC,,Strategy,,0.0,0.01,0.0,0.0,0.01,Homeworld Remastered Collection
PC,1999.0,Action,LEGO Media,0.0,0.01,0.0,0.0,0.01,Locoland
PC,2007.0,Action,Activision,0.01,0.0,0.0,0.0,0.01,Uprising: Join or Die
PC,2006.0,Role-Playing,Activision,0.01,0.0,0.0,0.0,0.01,Marvel: Ultimate Alliance
PC,2007.0,Shooter,Vivendi Games,0.01,0.0,0.0,0.0,0.01,F.E.A.R. 2: Project Origin
PC,2016.0,Racing,Namco Bandai Games,0.0,0.01,0.0,0.0,0.01,Valentino Rossi The Game
PC,2008.0,Racing,Empire Interactive,0.0,0.01,0.0,0.0,0.01,FlatOut: Ultimate Carnage
PC,2008.0,Shooter,Eidos Interactive,0.0,0.01,0.0,0.0,0.01,Conflict: Denied Ops
PC,2009.0,Sports,Eidos Interactive,0.0,0.01,0.0,0.0,0.01,Club Manager 2015
PC,2007.0,Strategy,Eidos Interactive,0.0,0.01,0.0,0.0,0.01,Battlestations: Midway
PC,2015.0,Action,Focus Home Interactive,0.0,0.01,0.0,0.0,0.01,Farming Simulator 15
PC,2009.0,Shooter,Vivendi Games,0.0,0.01,0.0,0.0,0.01,The chronicles of Emerland. Solitaire.
PC,2015.0,Strategy,Unknown,0.0,0.01,0.0,0.0,0.01,War for the Overworld
PC,2007.0,Shooter,Vivendi Games,0.01,0.0,0.0,0.0,0.01,TimeShift(tm)
PC,2012.0,Strategy,Ascaron Entertainment,0.0,0.01,0.0,0.0,0.01,Farming Giant
PC,2016.0,Racing,Milestone S.r.l.,0.0,0.01,0.0,0.0,0.01,MDK 2
PC,,Shooter,Namco Bandai Games,0.01,0.0,0.0,0.0,0.01,eversion
PC,2002.0,Shooter,Electronic Arts,0.0,0.01,0.0,0.0,0.01,Command & Conquer: Red Alert 3
PC,2016.0,Simulation,Paradox Development,0.0,0.01,0.0,0.0,0.01,Cities: Skylines
PC,2011.0,Misc,Atari,0.01,0.0,0.0,0.0,0.01,Dungeons & Dragons: Chronicles of Mystara
PC,2007.0,Racing,THQ,0.0,0.01,0.0,0.0,0.01,Ashes of Immortality
PC,2007.0,Racing,Activision,0.01,0.0,0.0,0.0,0.01,Monster Mash
PC,2002.0,Role-Playing,Interplay,0.0,0.01,0.0,0.0,0.01,The Tiny Tale 2
PC,2015.0,Strategy,Focus Home Interactive,0.0,0.01,0.0,0.0,0.01,Action Legion
PC,2015.0,Action,Bethesda Softworks,0.0,0.01,0.0,0.0,0.01,Fallout 3
PC,2010.0,Strategy,Kalypso Media,0.0,0.01,0.0,0.0,0.01,Gothic II: Gold Edition
PC,2009.0,Adventure,Kalypso Media,0.0,0.01,0.0,0.0,0.01,Collisions
PC,2004.0,Racing,Codemasters,0.0,0.01,0.0,0.0,0.01,Colin McRae Rally
PC,1997.0,Racing,Vivendi Games,0.0,0.01,0.0,0.0,0.01,Galcon Legends
PC,2008.0,Misc,Electronic Arts,0.0,0.01,0.0,0.0,0.01,Move or Die
PC,2016.0,Action,Ubisoft,0.0,0.01,0.0,0.0,0.01,Trackmania(r) Turbo
PC,2008.0,Adventure,Atari,0.0,0.01,0.0,0.0,0.01,Alone in the Dark
PC,2016.0,Role-Playing,Focus Home Interactive,0.0,0.01,0.0,0.0,0.01,The Technomancer
PC,2009.0,Sports,Konami Digital Entertainment,0.0,0.01,0.0,0.0,0.01,Pro Evolution Soccer 2016
PC,2014.0,Action,Activision,0.0,0.01,0.0,0.0,0.01,The Amazing Spider-Man 2(tm)
PC,2007.0,Racing,Sega,0.0,0.01,0.0,0.0,0.01,Death Rally
PC,2006.0,Sports,Konami Digital Entertainment,0.0,0.01,0.0,0.0,0.01,Pro Evolution Soccer 2017
PC,2007.0,Shooter,Codemasters,0.0,0.01,0.0,0.0,0.01,Crab Cakes Rescue
PC,1997.0,Strategy,Microprose,0.0,0.01,0.0,0.0,0.01,Worms
PC,2008.0,Action,Activision,0.01,0.0,0.0,0.0,0.01,Democracy 3 Africa
PC,2003.0,Action,Eidos Interactive,0.0,0.01,0.0,0.0,0.01,Legacy of Kain: Defiance
PC,2009.0,Role-Playing,1C Company,0.0,0.01,0.0,0.0,0.01,Kings Bounty: Armored Princess
PC,2015.0,Sports,Ubisoft,0.0,0.01,0.0,0.0,0.01,Rugby World Cup 2015
PC,2016.0,Strategy,Koch Media,0.0,0.01,0.0,0.0,0.01,Hostile Waters: Antaeus Rising
PC,2009.0,Adventure,JoWood Productions,0.0,0.01,0.0,0.0,0.01,Agatha Christie - The ABC Murders
PC,2007.0,Strategy,Codemasters,0.0,0.01,0.0,0.0,0.01,Hospital Tycoon
PC,2008.0,Sports,DTP Entertainment,0.0,0.01,0.0,0.0,0.01,Summer Athletics
PC,2010.0,Shooter,Activision,0.01,0.0,0.0,0.0,0.01,Transformers(tm): War for Cybertron(tm)
PC,2008.0,Role-Playing,Codemasters,0.0,0.01,0.0,0.0,0.01,Rise of the Argonauts
PC,2009.0,Action,Nobilis,0.0,0.01,0.0,0.0,0.01,Trino
PC,2009.0,Simulation,Eidos Interactive,0.0,0.01,0.0,0.0,0.01,Farm Frenzy 2
PC,2006.0,Misc,Focus Home Interactive,0.0,0.01,0.0,0.0,0.01,Day of Defeat
PC,2011.0,Strategy,Unknown,0.0,0.01,0.0,0.0,0.01,Frontline Tactics
PC,2011.0,Misc,Kalypso Media,0.0,0.01,0.0,0.0,0.01,Gothic II: Gold Edition
PC,2012.0,Action,Activision,0.01,0.0,0.0,0.0,0.01,Transformers(tm): Fall of Cybertron(tm)
PC,2009.0,Strategy,Electronic Arts,0.0,0.01,0.0,0.0,0.01,Galactic Adventures
PC,2009.0,Adventure,DTP Entertainment,0.0,0.01,0.0,0.0,0.01,15 Days
PC,2011.0,Racing,,0.0,0.01,0.0,0.0,0.01,Farming Simulator 2011
PC,2011.0,Puzzle,Unknown,0.01,0.0,0.0,0.0,0.01,The Secret of Monkey Island: Special Edition
PC,2006.0,Puzzle,PopCap Games,0.01,0.0,0.0,0.0,0.01,BoomTown! Deluxe
PC,2016.0,Strategy,Nordic Games,0.0,0.01,0.0,0.0,0.01,Codename: Panzers - Cold War
PC,2007.0,Sports,Konami Digital Entertainment,0.0,0.01,0.0,0.0,0.01,Pro Evolution Soccer 2016
PC,2012.0,Strategy,Trion Worlds,0.01,0.0,0.0,0.0,0.01,Pride of Nations
PC,2009.0,Shooter,Codemasters,0.0,0.01,0.0,0.0,0.01,Damnation
PC,2011.0,Shooter,Destineer,0.01,0.0,0.0,0.0,0.01,Breached
PC,2004.0,Adventure,Ubisoft,0.01,0.0,0.0,0.0,0.01,Match 3 Revolution
